uid,name,num_leds,length,reversed,offset,sub_component,num_adressable_leds,bus,status,points
221,ear_right,69,3.44,FALSE,0,ear_right,69,board_2,done,"[[0.5402298759724259, 2.3004829957257913, -0.7371353625034783], [0.5929750052076812, 2.4351665559567115, -0.5935867344580381], [0.7340694900111976, 2.407229026427805, -0.29733489734485075], [0.7330431453814371, 2.299489099604447, -0.09226554907825775], [0.8750106549565666, 2.084719306884342, -0.06017886974802187], [0.8801809030362877, 1.6919281774300956, -0.18404393395044574], [0.8740584806148766, 1.5462805406726645, -0.31172035790650443], [0.8679360581934652, 1.4006329039152337, -0.43939678186256315], [0.6595416595142247, 1.3615510632583376, -0.8814102901655579], [0.4730197337386926, 1.4791902139443411, -0.940434498338374], [0.500371300923255, 1.6388149199355575, -0.9505560197370858], [0.4874847467371708, 2.16579943549487, -0.8806839905489184], [0.5402298759724259, 2.3004829957257913, -0.7371353625034783]]"
25,head,65,3.27,FALSE,0,head,65,board_2,done,"[[0.180052090596309, 2.2374418185541045, -0.3872235852794653], [0.281652090596309, 2.36338344913764, -0.6309617764217096], [-0.180052090596309, 2.2374418185541045, -0.3872235852794653], [-0.281652090596309, 2.36338344913764, -0.6309617764217096], [-0.25625209059630905, 2.304713159007532, -1.0995828986200495], [-0.2614369164440396, 2.157500488023206, -1.3098270707078175], [-0.15465209059630908, 2.0543423413478097, -1.3322682290963694], [-0.10385209059630907, 1.8644056266874849, -1.4561823475476294], [0.05305209059630906, 1.67446891202716, -1.58009646599889], [0.10385209059630907, 1.8644056266874849, -1.4561823475476297], [0.15465209059630905, 2.0543423413478097, -1.3322682290963694], [0.2614369164440396, 2.157500488023206, -1.3098270707078175], [0.25625209059630905, 2.304713159007532, -1.0995828986200495]]"
26,ear_left,68,3.44,FALSE,0,ear_left,68,board_2,done,"[[-0.4874847467371708, 2.16579943549487, -0.8806839905489184], [-0.5402298759724259, 2.3004829957257913, -0.7371353625034783], [-0.4874847467371708, 2.16579943549487, -0.8806839905489184], [-0.500371300923255, 1.6388149199355575, -0.9505560197370858], [-0.4730197337386926, 1.4791902139443411, -0.940434498338374], [-0.6595416595142247, 1.3615510632583376, -0.8814102901655579], [-0.8679360581934652, 1.4006329039152337, -0.43939678186256315], [-0.8740584806148766, 1.5462805406726645, -0.31172035790650443], [-0.8801809030362877, 1.6919281774300956, -0.18404393395044574], [-0.8750106549565666, 2.084719306884342, -0.06017886974802187], [-0.7330431453814371, 2.299489099604447, -0.09226554907825775], [-0.7340694900111976, 2.407229026427805, -0.29733489734485075], [-0.5929750052076812, 2.4351665559567115, -0.5935867344580381]]"
16,leg_back_left,89,4.47,FALSE,0,leg_back_left,89,board_1,done,"[[-0.6330244444444443, 1.5951175803763333, 0.4644942471014859], [-0.38410444444444436, 1.8358265293777647, 0.8009690001762202], [-0.6330244444444443, 1.5951175803763333, 0.4644942471014859], [-0.6711244444444441, 1.339004998759493, 0.5480549851127249], [-0.7092244444444442, 1.0828924171426528, 0.6316157231239637], [-0.6330244444444443, 0.7350689561189495, 1.0731024488299616], [-0.6098223306676318, 0.6100922524228871, 1.671266611347243], [-0.6152444444444443, 0.5732433148080129, 1.8121957802276498], [-0.7168444444444443, 0.7556477580828244, 1.8631865695569394], [-0.6660444444444441, 0.9461532246152221, 1.8696032089999568], [-0.4450644444444443, 1.0710233916383887, 1.8678368600346262], [-0.4399844444444443, 1.0460051951612392, 1.733429275243712], [-0.38410444444444436, 1.1579488613424682, 1.3258280537092246], [-0.38410444444444436, 1.6407216313451456, 1.0983772698827208], [-0.38410444444444436, 1.738274080361455, 0.9496731350294703]]"
17,leg_back_right,80,4.01,FALSE,0,leg_back_right,80,board_1,done,"[[0.7425266666666667, 0.9188693107929349, 0.5849425337595953], [0.7120466666666669, 1.3464762196914, 0.471744550766723], [0.6447366666666668, 1.5160320481968887, 0.5671026998744096], [0.577426666666667, 1.6855878767023775, 0.6624608489820966], [0.414866666666667, 1.6538138062530594, 1.0371998958515993], [0.41359666666666706, 1.4892562656901203, 1.1112643597392973], [0.412326666666667, 1.3246987251271816, 1.1853288236269954], [0.6231466666666668, 0.9436641620393311, 0.9966826036454095], [0.704426666666667, 0.42432793347237535, 0.9918284340580337], [0.704426666666667, 0.3125748804124449, 1.0577442452551096], [0.8187266666666667, 0.23769130786027673, 1.0039062399931966], [0.8851280614578816, 0.19078112936285294, 0.8206379103116498], [0.7806266666666669, 0.21672355266836182, 0.6605997773106749], [0.788246666666667, 0.3475746365420686, 0.6599521347616097], [0.7425266666666667, 0.9188693107929349, 0.5849425337595953]]"
18,leg_front_left,82,4.17,FALSE,0,leg_front_left,82,board_1,done,"[[-0.4225290000000001, 1.6842677052473034, -0.5901961687993165], [-0.5655310000000001, 1.6429113972880538, -0.16323597386136435], [-0.4225290000000001, 1.6842677052473034, -0.5901961687993165], [-0.432562, 1.5087044297444254, -0.6784781411312086], [-0.442595, 1.3331411542415474, -0.7667601134631009], [-0.6163310000000002, 0.9386098926930835, -0.5916172819334069], [-0.7052310000000002, 0.39233082085249754, -0.599720591201751], [-0.7031989999999999, 0.23891106691943484, -0.6448811079722367], [-0.8829150260296512, 0.17111121831233458, -0.5341432833432347], [-0.8929370000000002, 0.16241385873989422, -0.36994599745250994], [-0.7900669999999999, 0.20044473797719486, -0.22028613574248865], [-0.7285989999999998, 0.37019615393539956, -0.2247280741724236], [-0.7700009999999999, 0.932745309750542, -0.18705650543971317], [-0.7700009999999999, 1.335990184710472, -0.03175553862584479], [-0.667766, 1.4894507909992631, -0.09749575624360457]]"
114,leg_front_right,74,3.76,FALSE,0,leg_front_right,74,board_1,done,"[[0.5074355555555556, 1.485632512496675, -0.5479059900233443], [0.49473555555555565, 1.61557209129034, -0.42276919121721435], [0.6522155555555557, 1.4946158409956325, -0.11428297902697167], [0.7093655555555556, 1.2966294460680503, -0.1279315277092741], [0.7665155555555556, 1.0986430511404681, -0.14158007639157655], [0.7665155555555556, 0.726269950419223, -0.3735782216013777], [0.7284155555555557, 0.6132225001065745, -0.8448099944447663], [0.7588955555555557, 0.49216156282151535, -0.9107453046507138], [0.8223955555555557, 0.48999784327132545, -1.068638992267945], [0.8223955555555557, 0.554909429777018, -1.2206061558368837], [0.6826955555555556, 0.6223154941787954, -1.263653605802542], [0.6268155555555557, 0.7839124055834621, -1.1339995342826723], [0.6268155555555557, 1.0291906874457886, -0.7061476979473774], [0.5201355555555556, 1.3556929337030106, -0.6730427888294744], [0.5074355555555556, 1.485632512496675, -0.5479059900233443]]"
12,tail,54,2.73,FALSE,0,tail,54,board_1,done,"[[0.08862668418514495, 1.8239268101463824, 0.9212335283060343], [0.03782668418514495, 1.6131969185435153, 1.191841433256794], [-0.034604496985472626, 1.7676120354274532, 1.5559985393488773], [-0.034604496985472626, 1.61216818328288, 1.5426504576153866], [-0.034604496985472626, 1.5533516636550246, 1.4654359965589276], [-0.03968449698547263, 1.5122416849926716, 1.3521482975543848], [-0.060004496985472625, 1.5071437077927996, 1.221363020091747], [0.037826684185144954, 1.5071437077927996, 1.221363020091747], [0.017506684185144953, 1.5122416849926716, 1.3521482975543848], [0.012426684185144952, 1.5533516636550246, 1.4654359965589276], [0.012426684185144952, 1.61216818328288, 1.5426504576153866], [0.012426684185144952, 1.7676120354274532, 1.5559985393488773], [-0.060004496985472625, 1.6131969185435153, 1.191841433256794], [-0.034604496985472626, 1.577395325780852, 1.3308633682558062], [-0.034604496985472626, 1.602841174010048, 1.4438876414221111], [-0.034604496985472626, 1.6493660713695102, 1.4988540937908246], [-0.034604496985472626, 1.7591444498952198, 1.506570627725979], [0.012426684185144952, 1.7591444498952198, 1.506570627725979], [0.012426684185144952, 1.6493660713695102, 1.4988540937908246], [0.012426684185144952, 1.602841174010048, 1.4438876414221111], [0.012426684185144952, 1.577395325780852, 1.3308633682558062]]"
2202,trunk_2,20,0.97,FALSE,0,trunk_2,20,board_2,done,"[[-0.13999999999996568, 1.5029709129977047, -1.5972974993570448], [-0.15999999999996567, 1.4167589947116503, -1.5289783574900784], [-0.12999999999996567, 1.3618968648932548, -1.485502539938369], [-0.08999999999996568, 1.3462219706594296, -1.473080877780735], [-0.01999999999996568, 1.3462219706594345, -1.4730808777807292], [0.09000000000003432, 1.3462219706594418, -1.4730808777807198], [0.14000000000003432, 1.369734312010187, -1.4917133710171615], [0.1600000000000343, 1.4167589947116719, -1.5289783574900513], [0.1600000000000343, 1.4716211245300692, -1.5724541750417584], [0.1300000000000343, 1.518645807231551, -1.6097191615146524], [0.09000000000003432, 1.549995595699204, -1.6345624858299168], [0.04000000000003432, 1.5656704899330283, -1.6469841479875518], [0.01000000000003432, 1.5656704899330263, -1.6469841479875544], [-0.08999999999996568, 1.549995595699192, -1.6345624858299324], [-0.13999999999996568, 1.502970912997705, -1.5972974993570448]]"
220,trunk,26,1.31,FALSE,0,trunk,26,board_2,done,"[[0.009525000000001924, 1.6671060232613713, -1.590444309688404], [0.026947932123219262, 1.6671060232613713, -1.590444309688404], [-0.009524999999995884, 1.6671060232613713, -1.590444309688404], [-0.026947932123219262, 1.6671060232613713, -1.590444309688404], [-0.07367275796570624, 1.65406389232118, -1.5811643319207698], [-0.1729092093576034, 1.5901342832130072, -1.5356759562912083], [-0.25044858530252034, 1.5207116031568275, -1.4862790494172287], [-0.24364653257432906, 1.4670022252052064, -1.4480627613282548], [-0.1238527877065604, 1.3963124689102515, -1.39776428097831], [-0.07915703336815576, 1.3845101464599983, -1.3893664746346184], [0.07915703336815576, 1.3845101464599983, -1.3893664746346184], [0.1238527877065604, 1.3963124689102515, -1.39776428097831], [0.2436465325743289, 1.4670022252052066, -1.4480627613282548], [0.25044858530252034, 1.5207116031568275, -1.4862790494172287], [0.17290920935760354, 1.5901342832130072, -1.5356759562912083], [0.16327761904099003, 1.5973907347513177, -1.5408392006456961], [0.07367275796570621, 1.6540638923211797, -1.5811643319207696]]"
2203,trunk_3,17,0.85,FALSE,0,trunk_3,17,board_2,done,"[[-0.010652483057624385, 1.4658931360308805, -1.6954781746868237], [-0.06999999999999998, 1.4542589773492642, -1.6855724298601742], [0.01084655111769865, 1.4655079608417725, -1.695150222555409], [0.05000000000000002, 1.461872971380024, -1.6920552606384343], [0.08422368949869269, 1.4481750773319217, -1.680392376641726], [0.11647224076167734, 1.426990441930993, -1.6623550094138921], [0.1363224890092962, 1.400798529071662, -1.64005426447766], [0.14731868110018437, 1.3657475868628541, -1.6102106205188809], [0.14264497801859238, 1.3283855935193989, -1.5783992637716104], [0.13, 1.3095930907648263, -1.5623986450732377], [0.11413538922088133, 1.2956457024452361, -1.5505233326013215], [0.07908261610894156, 1.2850531539026064, -1.5415044524400094], [-0.039131331023440866, 1.2833551991326664, -1.5400587521415599], [-0.07999999999999999, 1.2867511086725465, -1.5429501527384586], [-0.11534343208528458, 1.2956457024452361, -1.5505233326013217], [-0.13999999999999999, 1.320296914548135, -1.5715122690118923], [-0.1457225021156324, 1.3534219808114039, -1.5997161523135952], [-0.13999999999999999, 1.393347025103185, -1.633709783634096], [-0.10999999999999999, 1.4314169952569844, -1.6661239375253947]]"
2205,trunk_5,14,0.67,FALSE,0,trunk_5,14,board_2,done,"[[0.005459670086650772, 1.1356837345423723, -1.647940271072775], [0.05730146293334247, 1.1356837345423723, -1.647940271072775], [0.005459670086650767, 1.1356837345423723, -1.647940271072775], [-0.04504524013060019, 1.1355262447602454, -1.6477799329898644], [-0.07650670622233549, 1.1370153204924798, -1.6492959395840148], [-0.10265517180066519, 1.1461171173454845, -1.658562348101109], [-0.118380471576704, 1.1632410202677246, -1.6759959474713417], [-0.12201483564409822, 1.1858140583381316, -1.6989772329922603], [-0.11474577768106832, 1.2049990334034015, -1.7185091802787307], [-0.10077130764005524, 1.220441869750857, -1.734231309938316], [-0.08322780142761609, 1.2332063894507157, -1.7472266839258526], [-0.059185120400657994, 1.244876277063915, -1.7591076287237772], [-0.03378062935392281, 1.251694596091621, -1.7660492612971017], [-0.009524999999993632, 1.2543179427214342, -1.768720052784363], [0.009525000000003746, 1.2543179427214337, -1.7687200527843632], [0.038501834962006945, 1.2507866896763937, -1.7651249348289704], [0.0663897826480165, 1.2419141621048366, -1.7560919420710532], [0.0895212290576929, 1.2291681155651384, -1.7431153753422828], [0.11141166553531592, 1.209541204093643, -1.723133498954471], [0.12222162710116516, 1.1838746819034023, -1.6970027817269924], [0.11519405225168035, 1.157875697477412, -1.6705335894771947], [0.0916250014256174, 1.1407553767422505, -1.6531036370801246]]"
2204,trunk_4,12,0.58,FALSE,0,trunk_4,12,board_2,done,"[[0.004149826846635357, 1.053862439334429, -1.6897864218872982], [0.065902654001189, 1.0544372678390015, -1.6904630093949562], [-0.00470168162070232, 1.0542530520740547, -1.6902461828383657], [-0.06378018704598155, 1.054253052074055, -1.6902461828383653], [-0.09011609693644879, 1.0607213934669895, -1.6978595822208156], [-0.10731365289500702, 1.0757384622185695, -1.7155350472301873], [-0.10731365289500702, 1.1013599657429056, -1.745692196839312], [-0.08177104024775343, 1.1241014606902922, -1.7724595044179667], [-0.05058657134721401, 1.1389158961290333, -1.7898964649568552], [-0.00952499999998892, 1.1463131648904537, -1.798603235054291], [0.009524999999977819, 1.146313164890454, -1.798603235054292], [0.03355897734552216, 1.1434422092663314, -1.7952240485754192], [0.06193825214010753, 1.1343828784913148, -1.7845609899738342], [0.0891770889970053, 1.1192684689424794, -1.7667709524147628], [0.10722034726103871, 1.1015325323390202, -1.7458953120332203], [0.10989874675739283, 1.0820853962287234, -1.723005547090653], [0.0974527302706735, 1.0650328665169884, -1.702934293690462]]"
2209,trunk_9,9,0.41,FALSE,0,trunk_8,9,board_2,done,"[[3.216430076535519e-06, 0.7930597320715609, -1.7784486030510283], [0.040003216430074894, 0.7930597320715604, -1.7784486030510285], [3.2164300765291644e-06, 0.7930597320715609, -1.7784486030510283], [-0.042405719691542575, 0.7931229042860314, -1.7786843649650586], [-0.05426188641558054, 0.7939909051458579, -1.781923788274945], [-0.06601977889028682, 0.7962109049739713, -1.7902089404262582], [-0.0753281096594855, 0.8008232196813467, -1.8074223332546822], [-0.0746071936082388, 0.805742159878953, -1.825780067991542], [-0.0630383514526336, 0.8103758432816046, -1.8430732098764264], [-0.026989408771190715, 0.8180726004408767, -1.8717978986483512], [-0.010955034129018316, 0.81977236326875, -1.8781414998827914], [0.010955034129017991, 0.81977236326875, -1.8781414998827914], [0.028807094235160105, 0.8177633447821196, -1.8706437408173415], [0.060420175301227286, 0.8109481536630144, -1.845209101297547], [0.0718195464053961, 0.8075114185438101, -1.8323830312205212], [0.07616567941071421, 0.8025022783561391, -1.8136886655378968], [0.07181982070425154, 0.7983301918036722, -1.7981182265505147], [0.06025978144779048, 0.7948992089753091, -1.7853136243151662]]"
2204,trunk_4,16,0.77,FALSE,0,trunk_4,16,board_2,done,"[[2.0323397228041125e-05, 1.2133082446929737, -1.5989052873474623], [0.0695434140587433, 1.2136911561981694, -1.599257775088374], [2.032339722803922e-05, 1.2133082446929737, -1.5989052873474623], [-0.038772059446140685, 1.2133021200707572, -1.5988996493495964], [-0.08370441302692566, 1.2151639553848264, -1.6006135548209688], [-0.11150970747920842, 1.2255556502741587, -1.6101795903307008], [-0.13087599558160928, 1.250258031065585, -1.6329192737357885], [-0.13350856924781168, 1.2811272766150221, -1.6613358412186998], [-0.12122326105902148, 1.3097449680591504, -1.6876797490678508], [-0.09572335558715302, 1.3345982204999565, -1.7105583168003509], [-0.055639453684728134, 1.3537546053191611, -1.7281926545450732], [-0.009524999999895272, 1.361041665114, -1.7349007299361747], [0.009525000000132282, 1.3610416651139898, -1.7349007299361656], [0.04073261547119577, 1.3574286603994292, -1.7315747920824864], [0.07458379744820998, 1.3466276411026912, -1.721631954534402], [0.10685614161755758, 1.325758805350749, -1.7024212265467316], [0.1299906717509462, 1.2937840720759237, -1.6729870065105785], [0.13337386548571487, 1.2592134614743364, -1.6411631613987132], [0.1139638470125695, 1.2273211600309095, -1.611804823673838]]"
2206,trunk_6,12,0.58,FALSE,0,trunk_6,12,board_2,done,"[[0.004149826846635357, 1.053862439334429, -1.6897864218872982], [0.065902654001189, 1.0544372678390015, -1.6904630093949562], [-0.00470168162070232, 1.0542530520740547, -1.6902461828383657], [-0.06378018704598155, 1.054253052074055, -1.6902461828383653], [-0.09011609693644879, 1.0607213934669895, -1.6978595822208156], [-0.10731365289500702, 1.0757384622185695, -1.7155350472301873], [-0.10731365289500702, 1.1013599657429056, -1.745692196839312], [-0.08177104024775343, 1.1241014606902922, -1.7724595044179667], [-0.05058657134721401, 1.1389158961290333, -1.7898964649568552], [-0.00952499999998892, 1.1463131648904537, -1.798603235054291], [0.009524999999977819, 1.146313164890454, -1.798603235054292], [0.03355897734552216, 1.1434422092663314, -1.7952240485754192], [0.06193825214010753, 1.1343828784913148, -1.7845609899738342], [0.0891770889970053, 1.1192684689424794, -1.7667709524147628], [0.10722034726103871, 1.1015325323390202, -1.7458953120332203], [0.10989874675739283, 1.0820853962287234, -1.723005547090653], [0.0974527302706735, 1.0650328665169884, -1.702934293690462]]"
2207,trunk_7,11,0.52,FALSE,0,trunk_7,11,board_2,done,"[[0.0013036899811156401, 0.9693954232207602, -1.7258535962128065], [0.04499981193154683, 0.9693954232207602, -1.7258535962128065], [0.0013036899811156388, 0.9693954232207602, -1.7258535962128065], [-0.06140914667953757, 0.9695846846783356, -1.7261319135667637], [-0.08340396243601923, 0.975401439040529, -1.7346857084251945], [-0.09784369573627445, 0.9883155800816564, -1.7536765246708699], [-0.09784369573627445, 1.0009026143255442, -1.7721863158867495], [-0.08023819116251209, 1.0159695556512234, -1.7943429202779442], [-0.04723291531665489, 1.030557676989268, -1.8157953986749298], [-0.009525000000006197, 1.0375737327926458, -1.8261128194082965], [0.009525000000003656, 1.0375737327926462, -1.8261128194082972], [0.041619074267002294, 1.032384737064148, -1.818482171418185], [0.06808961276819982, 1.0220060513241602, -1.803219854464079], [0.0933223814521684, 1.0072668267215499, -1.7815451720256201], [0.09865934891698032, 0.9905130180886778, -1.7569079545638613], [0.08798541398735646, 0.9779028110483158, -1.7383640867246632], [0.06840245715494724, 0.9706454585906071, -1.7276918285763645]]"
2208,trunk_8,9,0.46,FALSE,0,trunk_8,9,board_2,done,"[[-6.755379175838864e-05, 0.881775395830143, -1.7546339695857984], [0.05137297726299765, 0.8819806596424258, -1.7550621695676145], [-6.755379175839238e-05, 0.881775395830143, -1.7546339695857984], [-0.044467541934254735, 0.8817654203140605, -1.7546131597033467], [-0.060346783591998444, 0.882952241181523, -1.757088981759922], [-0.07625846799753885, 0.8873258159656642, -1.7662126778572198], [-0.08527722605999345, 0.8933817118849848, -1.7788458570508374], [-0.08716516183364284, 0.9022579026345029, -1.7973624415148552], [-0.07625341692459654, 0.9111736326493448, -1.8159615086751861], [-0.035379631307226614, 0.9249269392416772, -1.8446522241366887], [-0.009525000000027442, 0.9286476977850281, -1.8524140829996154], [0.009525000000008452, 0.9286476977850292, -1.8524140829996174], [0.03539605125493622, 0.9249227978280985, -1.8446435847511125], [0.07379818118914633, 0.912146351386322, -1.8179906931712437], [0.085788282450529, 0.9045702747915435, -1.8021862714173846], [0.08689137675826622, 0.8957344887117421, -1.7837539749661722], [0.07976417901544634, 0.8890746235253566, -1.7698608580061326], [0.06782149108877615, 0.8844783538981643, -1.7602725991265087]]"
21,dome,113,5.73,FALSE,0,dome_1,113,board_2,done,"[[0.0, 1.3275674737932208, -0.7938182825303857], [-0.382557648336521, 1.277576073356494, -0.6564680386635644], [0.0, 1.3275674737932208, -0.7938182825303857], [0.3827662100327122, 1.277390119489425, -0.6559571346127322], [0.6318736599903526, 1.1662210142382634, -0.35052252819419116], [0.7488180805858051, 1.0314372470489028, 0.019792828667605705], [0.7488180805858051, 0.8923912381188097, 0.40181859846832263], [0.6317577413443471, 0.7584726697812316, 0.7697568410215098], [0.3806945094189663, 0.6463599757442434, 1.0777839363223594], [0.0009819209247650207, 0.5974463252456274, 1.2121730865704026], [-0.38458470350005997, 0.6463599757442435, 1.0777839363223594], [-0.6336059984451662, 0.7569880492547285, 0.7738358023945351], [-0.7490489195940542, 0.8923181854831475, 0.4020193089352365], [-0.7490489195940542, 1.0313641944132408, 0.019993539134519053], [-0.6336059984451662, 1.1663808381273175, -0.3509616407204568]]"
214,ball,33,1.66,FALSE,0,ball,33,board_2,done,"[[-0.06903755408271875, 0.7533029737527971, -0.9877409465920731], [0.06903755408271882, 0.7533029737527971, -0.9877409465920731], [-0.06956875754761871, 0.7531606598917528, -0.9877434306897577], [-0.18953417677463524, 0.6837448118639169, -0.988955088824131], [-0.25871406639679057, 0.5636553500902697, -0.9910512581765846], [-0.2585717308573542, 0.4250701488725484, -0.9934702718619299], [-0.18914530884917194, 0.3051230009599455, -0.9955639571166988], [-0.06903755408271879, 0.23703647968667485, -0.9979321878936795], [0.06956875754761875, 0.23609596163110433, -0.9967688285699866], [0.18953417677463527, 0.30551180965894026, -0.9955571704356132], [0.25871406639679057, 0.42560127143258747, -0.9934610010831597], [0.25857173085735413, 0.5641864726503089, -0.9910419873978144], [0.1891453088491719, 0.6841336205629115, -0.9889483021430452]]"
211,dome_1,29,1.48,FALSE,0,dome_1,29,board_2,done,"[[-9.93378547745977e-13, 1.326149791509363, -0.7946801731133725], [-4.469903987603682e-13, 1.7454651904792138, -0.5307707970836343], [2.580660478498293e-13, 2.0854980428167083, 0.3621556631672337], [-3.3001239652039477e-16, 2.0208810876831693, -0.12994603048211956]]"
212,dome_2,39,1.96,FALSE,0,dome_2,39,board_2,done,"[[2.5806604784982965e-13, 2.0854980428167083, 0.3621556631672337], [2.6578193913162054e-13, 1.9266654925285014, 0.8185402984065294], [-9.889354918440121e-13, 0.5979948972072766, 1.2174231693798214], [-4.4924979792952095e-13, 1.0825034595632155, 1.2848463387596432], [-5.6509020205144714e-15, 1.55, 1.15]]"
28,tusks,2,0.48,FALSE,0,tusks,2,board_2,done,"[[-0.22, 1.528256869037226, -1.4916477962839856], [-0.25976682718843835, 1.507729501614249, -1.4770417848747426], [0.2284483204086588, 1.525559122882201, -1.4897282461386792], [0.24378640888922287, 1.4737844533581383, -1.4528885775052933], [0.24378640888922287, 1.4737844533581381, -1.452888577505293], [0.20069368411049526, 1.4672382307746372, -1.448230688367739], [0.1787821291382609, 1.49261746471883, -1.4662889894108526], [0.19, 1.5201089606202902, -1.4858502460746965], [-0.22, 1.528256869037226, -1.4916477962839856], [-0.19736623121842947, 1.467002225205207, -1.448062761328255], [-0.19736623121842947, 1.4670022252052066, -1.448062761328255], [-0.25976682718843835, 1.5077295016142487, -1.4770417848747426]]"
271,eyes_right,16,0.16,TRUE,0,eyes_right,16,board_1,done,"[[0.29572811295759543, 1.9697087181099697, -1.2190566069959892], [0.2954565690120809, 1.8097091430903047, -1.218807092643337]]"
2712,eyes_right_2,17,0.16,TRUE,0,eyes_right_2,17,board_1,done,"[[0.2884632895891712, 1.809709143090305, -1.2264178078843475], [0.2887348335346857, 1.9697087181099702, -1.226667322237]]"
2713,eyes_right_3,15,0.16,TRUE,0,eyes_right_3,15,board_1,done,"[[0.28219597520680806, 1.9697087181099702, -1.2337834955979212], [0.2819244312612936, 1.809709143090305, -1.2335339812452688]]"
2714,eyes_right_4,16,0.16,TRUE,0,eyes_right_4,16,board_1,done,"[[0.2751564845974682, 1.809709143090305, -1.2408994691243862], [0.27542802854298276, 1.9697087181099702, -1.2411489834770386]]"
2715,eyes_right_5,17,0.16,TRUE,0,eyes_right_5,17,board_1,done,"[[0.2686638374560206, 1.9697087181099697, -1.2485103841998533], [0.26839229351050614, 1.8097091430903047, -1.2482608698472009]]"
2716,eyes_right_6,15,0.16,TRUE,0,eyes_right_6,15,board_1,done,"[[0.26176114979930903, 1.809709143090305, -1.2554774764570853], [0.2620334548542837, 1.970157180291423, -1.2557276901725385]]"
2717,eyes_right_7,16,0.16,TRUE,0,eyes_right_7,16,board_1,done,"[[0.25513169970523325, 1.9697087181099697, -1.263237272801785], [0.2548601557597187, 1.8097091430903047, -1.2629877584491327]]"
2718,eyes_right_8,17,0.16,TRUE,0,eyes_right_8,17,board_1,done,"[[0.2486123688412513, 1.809709143090305, -1.269787161740126], [0.24888391278676583, 1.9697087181099702, -1.2700366760927784]]"
2719,eyes_right_9,15,0.16,TRUE,0,eyes_right_9,15,board_1,done,"[[0.24159956195444582, 1.9697087181099697, -1.2779641614037172], [0.2413280180089313, 1.8097091430903047, -1.2777146470510647]]"
27110,eyes_right_10,16,0.16,TRUE,0,eyes_right_10,16,board_1,done,"[[0.23424857714257746, 1.809709143090305, -1.285419130919232], [0.234520121088092, 1.9697087181099702, -1.2856686452718844]]"
27111,eyes_right_11,17,0.16,TRUE,0,eyes_right_11,17,board_1,done,"[[0.22806742420365844, 1.9697087181099697, -1.2926910500056494], [0.2277958802581439, 1.8097091430903047, -1.2924415356529968]]"
27112,eyes_right_12,15,0.16,TRUE,0,eyes_right_12,15,board_1,done,"[[0.22160679564485514, 1.809709143090305, -1.2991770538191885], [0.22187833959036965, 1.9697087181099702, -1.2994265681718409]]"
27113,eyes_right_13,16,0.16,TRUE,0,eyes_right_13,16,board_1,done,"[[0.21591081592535186, 1.9697087181099697, -1.3059209637996858], [0.21563927197983734, 1.8097091430903047, -1.3056714494470334]]"
27114,eyes_right_14,17,0.16,TRUE,0,eyes_right_14,17,board_1,done,"[[0.20749579584353117, 1.809709143090305, -1.3145339121340465], [0.2077673397890457, 1.9697087181099702, -1.3147834264866989]]"
27115,eyes_right_15,15,0.16,TRUE,0,eyes_right_15,15,board_1,done,"[[0.20137505644098724, 1.9697087181099697, -1.3217400837800641], [0.20110351249547267, 1.8097091430903047, -1.3214905694274117]]"
27116,eyes_right_16,16,0.16,TRUE,0,eyes_right_16,16,board_1,done,"[[0.1956058710968211, 1.809709143090305, -1.3274735969388336], [0.19587741504250603, 1.9697087182103639, -1.3277231112916426]]"
272,eyes_left,16,0.16,TRUE,0,eyes_left,16,board_2,done,"[[-0.19259540420170063, 1.9776022402133497, -1.3313217794866627], [-0.19232386025618559, 1.8176026651936845, -1.3310722651340101]]"
2722,eyes_left_2,15,0.16,FALSE,0,eyes_left_2,15,board_2,done,"[[-0.1972545831119178, 1.8176026651936845, -1.325706209337013], [-0.19936147307709434, 1.9776022402133497, -1.3239583351856965]]"
2723,eyes_left_3,17,0.16,FALSE,0,eyes_left_3,17,board_2,done,"[[-0.20519517703555315, 1.9774560605880152, -1.3176090762348582], [-0.20492388117939841, 1.8176026651936845, -1.3173597898447769]]"
2724,eyes_left_4,16,0.16,TRUE,0,eyes_left_4,16,board_2,done,"[[-0.2127103689972848, 1.9774560605880152, -1.3094303688583302], [-0.21243907314112995, 1.8176026651936845, -1.3091810824682488]]"
2725,eyes_left_5,15,0.16,FALSE,0,eyes_left_5,15,board_2,done,"[[-0.21965943161391507, 1.9774560605880152, -1.301867774320227], [-0.21938813575776034, 1.8176026651936845, -1.3016184879301458]]"
2726,eyes_left_6,16,0.16,FALSE,0,eyes_left_6,16,board_2,done,"[[-0.22615420463315403, 1.8176026651936845, -1.29425504362918], [-0.22642550048930876, 1.9774560605880152, -1.2945043300192611]]"
2727,eyes_left_7,17,0.16,FALSE,0,eyes_left_7,17,board_2,done,"[[-0.23319156936470242, 1.9774560605880152, -1.287140885718295], [-0.23292027350854771, 1.8176026651936845, -1.2868915993282137]]"
2728,eyes_left_8,16,0.16,FALSE,0,eyes_left_8,16,board_2,done,"[[-0.23968634238394138, 1.8176026651936845, -1.2795281550272477], [-0.2399576382400961, 1.9774560605880152, -1.279777441417329]]"
2729,eyes_left_9,15,0.16,FALSE,0,eyes_left_9,15,board_2,done,"[[-0.2467237071154898, 1.9774560605880152, -1.2724139971163628], [-0.24645241125933506, 1.8176026651936845, -1.2721647107262817]]"
27210,eyes_left_10,16,0.16,FALSE,0,eyes_left_10,16,board_2,done,"[[-0.2532184801347288, 1.8176026651936845, -1.2648012664253159], [-0.2534897759908835, 1.9774560605880152, -1.265050552815397]]"
27211,eyes_left_11,17,0.16,FALSE,0,eyes_left_11,17,board_2,done,"[[-0.2602558448662771, 1.9774560605880152, -1.257687108514431], [-0.2599845490101224, 1.8176026651936845, -1.2574378221243498]]"
27212,eyes_left_12,16,0.16,FALSE,0,eyes_left_12,16,board_2,done,"[[-0.2667506178855162, 1.8176026651936845, -1.2500743778233838], [-0.2670219137416709, 1.9774560605880152, -1.250323664213465]]"
27213,eyes_left_13,15,0.16,FALSE,0,eyes_left_13,15,board_2,done,"[[-0.27378798261706455, 1.9774560605880152, -1.242960219912499], [-0.2735192595668527, 1.8191186181886942, -1.2427132976038857]]"
27214,eyes_left_14,16,0.16,FALSE,0,eyes_left_14,16,board_2,done,"[[-0.2802827556363035, 1.8176026651936845, -1.2353474892214518], [-0.28055405149245827, 1.9774560605880152, -1.235596775611533]]"
27215,eyes_left_15,17,0.16,FALSE,0,eyes_left_15,17,board_2,done,"[[-0.28732012036785193, 1.9774560605880152, -1.228233331310567], [-0.2870488245116972, 1.8176026651936845, -1.2279840449204855]]"
27216,eyes_left_16,16,0.16,FALSE,0,eyes_left_16,16,board_2,done,"[[-0.2938148933870909, 1.8176026651936845, -1.2206206006195197], [-0.2940861892432456, 1.9774560605880152, -1.2208698870096009]]"
