uid,name,num_leds,length,reversed,offset,sub_component,num_adressable_leds,bus,status,points
1,handlebar/vertical_right,21,0.3458483458948789,FALSE,0,,21,bus,done,"[[0.2936420999400706, 0.5850650888510447, 0.18581239937603317], [0.29972809189544347, 0.5841858400983937, 0.17792911884276522], [0.3058555443084078, 0.5825260854479783, 0.17020694527528996], [0.31197820936714143, 0.5798769161692523, 0.16276511252112408], [0.31799682165469745, 0.5759890535500886, 0.15580292398061626], [0.3237344016135858, 0.570656935488946, 0.14960793211498127], [0.32897359473136734, 0.5638938486685923, 0.1444571033232388], [0.33360165476684306, 0.5560249925589333, 0.14039708582651314], [0.3377103871201815, 0.5475034729995963, 0.13716665829611896], [0.34150389049438773, 0.5386772300975853, 0.134392997369158], [0.34516330427081016, 0.5297430803652662, 0.13178749627992775], [0.3487951745802317, 0.5207923625314278, 0.1292001957960539], [0.35244684158478023, 0.5118592335985084, 0.12658022221949275], [0.3561363641352671, 0.5029533346541009, 0.12392088793174505], [0.3598701089277175, 0.49407539730392047, 0.12122996123753543], [0.3636497795977995, 0.48522294313315334, 0.11851925879429949], [0.36747466727122047, 0.4763917807000474, 0.11580253084560113], [0.37134249125605945, 0.4675764330979797, 0.11309524413551798], [0.3752498311582547, 0.4587704512754919, 0.11041435712451989], [0.37919245100592264, 0.4499669354446722, 0.1077774013190694], [0.38316538806499684, 0.4411590386376386, 0.10520130707667437], [0.38716275833652525, 0.432340338945026, 0.10270111824575895], [0.3911771335044836, 0.42350484261065124, 0.10028905906412634], [0.395198396435686, 0.41464695144117153, 0.09797251462004715], [0.39921184201783894, 0.40576250200715974, 0.09574580919683687], [0.4031953099729503, 0.396854846483278, 0.09355825142890602], [0.4071143869296589, 0.3879563015625396, 0.09122430888781866], [0.41090662436831993, 0.37919185927035687, 0.0882720942839216], [0.4144305526413883, 0.3709292852376461, 0.08391671869195166], [0.41744008371321767, 0.3638425111584182, 0.07757937915492497], [0.41977959715517116, 0.3583815496512945, 0.069560649954374], [0.42152366598806845, 0.35439158888601285, 0.060569518217396236], [0.42282697542429254, 0.3514988083756818, 0.05109106076313529], [0.42381359003452046, 0.3493969613264571, 0.04136673237963178], [0.42456578798440786, 0.34788045827295677, 0.03151235663867249], [0.42491941558892693, 0.34720869112137154, 0.025713664708530887]]"
11,rack/rack_right,51,0.8464820465305118,FALSE,0,,51,bus,done,"[[0.445859819666455, 0.24529732316205916, 0.0012236136108552031], [0.44443094793388627, 0.24510324102506686, 0.011104801296470661], [0.4440817414624119, 0.24464700719398158, 0.02108649920541275], [0.44420320244327316, 0.244258900219486, 0.031077665289614018], [0.4445830197147184, 0.24407320587015607, 0.04106830739385089], [0.4451207338505516, 0.24416504192731817, 0.051052971469900336], [0.4457660274774916, 0.24455621804431282, 0.0610240868404358], [0.44650911046764724, 0.24515536924056133, 0.07097832338756412], [0.44738563649414614, 0.2456736949488452, 0.08092583028867573], [0.4484704035978686, 0.24559786595594446, 0.09086278810157004], [0.4498346357070855, 0.2443371719933873, 0.10067964106600817], [0.4514758162042804, 0.24161038550487157, 0.11014925172011714], [0.4533255803268147, 0.2375685953114332, 0.11909909567726785], [0.45531701670298175, 0.23249564362858152, 0.1274777654098771], [0.4574096426667977, 0.22660606873824457, 0.13527901505446555], [0.4595830062389485, 0.2200285974438667, 0.14248645634612903], [0.4618284583476693, 0.2128327595663152, 0.14905221799708798], [0.46414470415579273, 0.20504725882873628, 0.15487776005331047], [0.4665355797688314, 0.19667296489707783, 0.1597801052548741], [0.4690076929457298, 0.18771852848282258, 0.1634561947908576], [0.4715666983234877, 0.178294888953358, 0.16555175157378016], [0.47422112284735574, 0.16867371100013162, 0.16599488545941854], [0.4769971114819539, 0.1590968563610459, 0.1652721345497666], [0.4799244854998122, 0.14960464014640384, 0.16412119423577562], [0.48300024568269806, 0.14014796459364612, 0.16307048770490185], [0.48618751833178026, 0.13069849971510314, 0.16233732273143364], [0.48944276644987594, 0.12125091016552092, 0.16196996265299832], [0.49273179443698367, 0.1118078351119324, 0.16196509868455167], [0.49603399068443127, 0.10237542347874698, 0.16230549766353736], [0.49934708288015195, 0.09296318352862652, 0.16295827184733064], [0.5027067324868896, 0.08358852338401036, 0.16386585799300396], [0.5062600825646587, 0.07430280829793948, 0.16493201155384263], [0.5105453574560626, 0.06533549640838858, 0.1659558296694569], [0.5171895627703449, 0.0580032814603146, 0.16637596759931678], [0.526513952519545, 0.054639423783980484, 0.1657617146906915], [0.5364061135295692, 0.053609762562494584, 0.16478574161911916], [0.5463523855653211, 0.053349896397080834, 0.16379163842237804], [0.5563081622826583, 0.053374583496645756, 0.16285409032988313], [0.5662698387205964, 0.05351432214278693, 0.16199121346944786], [0.5762373355925171, 0.05369824319319279, 0.16120724635140415], [0.5862105465107703, 0.05389286581332682, 0.16050250239303132], [0.5961891143801651, 0.05408107990560563, 0.159876213506621], [0.6061725251924102, 0.05425375680177838, 0.15932742741907707], [0.6161601862312902, 0.054406013534993566, 0.15885528491874104], [0.6261514715046304, 0.05453537032142972, 0.15845910224608287], [0.6361457453092123, 0.05464077255656648, 0.15813838429346977], [0.6461423736437893, 0.05472203874568022, 0.15789282432463367], [0.6561407286676106, 0.05477953143010076, 0.15772230740653487], [0.6661401885782408, 0.05481395948940383, 0.15762690177568348], [0.6761401351892866, 0.05482625878028102, 0.1576068381361933], [0.6861399508925907, 0.05481752022753977, 0.15766246834481645], [0.6961390170482741, 0.05478894788688012, 0.15779416703758112], [0.7061367166668837, 0.05474183728425947, 0.1580021819426512], [0.7161324438436399, 0.05467756812726937, 0.1582864401738271], [0.7261256229523173, 0.054597607875051295, 0.15864628682795534], [0.7361157400484166, 0.054503528700891445, 0.159080165883387], [0.7461023863306121, 0.0543970452174473, 0.1595852839881519], [0.7560853190710524, 0.05428006935198614, 0.160157142865506], [0.7660645498567882, 0.054154783992719294, 0.1607888041362329], [0.7760404775170958, 0.05402373720779334, 0.1614696438708197], [0.7860141168789528, 0.05388992198006466, 0.16218278724830004], [0.7959874626968046, 0.05375681472805171, 0.16290016657637524], [0.8059639061637677, 0.053628340971543814, 0.16357363190168647], [0.8159481308840897, 0.05350870192812855, 0.16411956013004797], [0.8259431775065257, 0.05340223875448282, 0.16439611931222767], [0.8359384559195288, 0.05331333622802696, 0.1641712826268535], [0.8458741689520946, 0.05324608037426695, 0.16308621678179558], [0.855562912453236, 0.05320351771628596, 0.16065756013943236], [0.8646092799742278, 0.053186627482994596, 0.15644004233004305], [0.8725248910254778, 0.05319310826321664, 0.1503616223632715], [0.8790616656717716, 0.05321693189072549, 0.1428123733915915], [0.884316435447887, 0.05325113799904619, 0.13431360314627613], [0.8885366990663399, 0.053290708181684104, 0.125252465146243], [0.8919600901605581, 0.053332841496058936, 0.11585922726287295], [0.8947694495671276, 0.05337612704169739, 0.10626343499470522], [0.897097416424852, 0.053419856995948894, 0.09653910937523373], [0.8990398583304531, 0.05346366381408654, 0.08673020558395729], [0.9006671090257652, 0.053507349746097235, 0.07686394333342841], [0.9020317856065124, 0.05355081090604404, 0.06695784161411637], [0.9031740424429701, 0.05359399867969133, 0.057023566625490636], [0.9041251088635289, 0.053636897794224335, 0.047069121762806664], [0.9049097037556249, 0.053679512935317815, 0.03710014188464965], [0.9055477234712853, 0.053721859098607626, 0.02712068564232898], [0.9060554372841503, 0.05376395512496286, 0.017133734756047833], [0.9064463425141241, 0.05380581996010865, 0.007141516991865048], [0.9066427566335282, 0.05383284155695721, 0.0006625151257231483]]"
12,rack/rack_left,51,0.8464820465305118,TRUE,0,,51,bus,done,"[[0.445859819666455, 0.24529732316205916, -0.0012236136108552031], [0.44443094793388627, 0.24510324102506686, -0.011104801296470661], [0.4440817414624119, 0.24464700719398158, -0.02108649920541275], [0.44420320244327316, 0.244258900219486, -0.031077665289614018], [0.4445830197147184, 0.24407320587015607, -0.04106830739385089], [0.4451207338505516, 0.24416504192731817, -0.051052971469900336], [0.4457660274774916, 0.24455621804431282, -0.0610240868404358], [0.44650911046764724, 0.24515536924056133, -0.07097832338756412], [0.44738563649414614, 0.2456736949488452, -0.08092583028867573], [0.4484704035978686, 0.24559786595594446, -0.09086278810157004], [0.4498346357070855, 0.2443371719933873, -0.10067964106600817], [0.4514758162042804, 0.24161038550487157, -0.11014925172011714], [0.4533255803268147, 0.2375685953114332, -0.11909909567726785], [0.45531701670298175, 0.23249564362858152, -0.1274777654098771], [0.4574096426667977, 0.22660606873824457, -0.13527901505446555], [0.4595830062389485, 0.2200285974438667, -0.14248645634612903], [0.4618284583476693, 0.2128327595663152, -0.14905221799708798], [0.46414470415579273, 0.20504725882873628, -0.15487776005331047], [0.4665355797688314, 0.19667296489707783, -0.1597801052548741], [0.4690076929457298, 0.18771852848282258, -0.1634561947908576], [0.4715666983234877, 0.178294888953358, -0.16555175157378016], [0.47422112284735574, 0.16867371100013162, -0.16599488545941854], [0.4769971114819539, 0.1590968563610459, -0.1652721345497666], [0.4799244854998122, 0.14960464014640384, -0.16412119423577562], [0.48300024568269806, 0.14014796459364612, -0.16307048770490185], [0.48618751833178026, 0.13069849971510314, -0.16233732273143364], [0.48944276644987594, 0.12125091016552092, -0.16196996265299832], [0.49273179443698367, 0.1118078351119324, -0.16196509868455167], [0.49603399068443127, 0.10237542347874698, -0.16230549766353736], [0.49934708288015195, 0.09296318352862652, -0.16295827184733064], [0.5027067324868896, 0.08358852338401036, -0.16386585799300396], [0.5062600825646587, 0.07430280829793948, -0.16493201155384263], [0.5105453574560626, 0.06533549640838858, -0.1659558296694569], [0.5171895627703449, 0.0580032814603146, -0.16637596759931678], [0.526513952519545, 0.054639423783980484, -0.1657617146906915], [0.5364061135295692, 0.053609762562494584, -0.16478574161911916], [0.5463523855653211, 0.053349896397080834, -0.16379163842237804], [0.5563081622826583, 0.053374583496645756, -0.16285409032988313], [0.5662698387205964, 0.05351432214278693, -0.16199121346944786], [0.5762373355925171, 0.05369824319319279, -0.16120724635140415], [0.5862105465107703, 0.05389286581332682, -0.16050250239303132], [0.5961891143801651, 0.05408107990560563, -0.159876213506621], [0.6061725251924102, 0.05425375680177838, -0.15932742741907707], [0.6161601862312902, 0.054406013534993566, -0.15885528491874104], [0.6261514715046304, 0.05453537032142972, -0.15845910224608287], [0.6361457453092123, 0.05464077255656648, -0.15813838429346977], [0.6461423736437893, 0.05472203874568022, -0.15789282432463367], [0.6561407286676106, 0.05477953143010076, -0.15772230740653487], [0.6661401885782408, 0.05481395948940383, -0.15762690177568348], [0.6761401351892866, 0.05482625878028102, -0.1576068381361933], [0.6861399508925907, 0.05481752022753977, -0.15766246834481645], [0.6961390170482741, 0.05478894788688012, -0.15779416703758112], [0.7061367166668837, 0.05474183728425947, -0.1580021819426512], [0.7161324438436399, 0.05467756812726937, -0.1582864401738271], [0.7261256229523173, 0.054597607875051295, -0.15864628682795534], [0.7361157400484166, 0.054503528700891445, -0.159080165883387], [0.7461023863306121, 0.0543970452174473, -0.1595852839881519], [0.7560853190710524, 0.05428006935198614, -0.160157142865506], [0.7660645498567882, 0.054154783992719294, -0.1607888041362329], [0.7760404775170958, 0.05402373720779334, -0.1614696438708197], [0.7860141168789528, 0.05388992198006466, -0.16218278724830004], [0.7959874626968046, 0.05375681472805171, -0.16290016657637524], [0.8059639061637677, 0.053628340971543814, -0.16357363190168647], [0.8159481308840897, 0.05350870192812855, -0.16411956013004797], [0.8259431775065257, 0.05340223875448282, -0.16439611931222767], [0.8359384559195288, 0.05331333622802696, -0.1641712826268535], [0.8458741689520946, 0.05324608037426695, -0.16308621678179558], [0.855562912453236, 0.05320351771628596, -0.16065756013943236], [0.8646092799742278, 0.053186627482994596, -0.15644004233004305], [0.8725248910254778, 0.05319310826321664, -0.1503616223632715], [0.8790616656717716, 0.05321693189072549, -0.1428123733915915], [0.884316435447887, 0.05325113799904619, -0.13431360314627613], [0.8885366990663399, 0.053290708181684104, -0.125252465146243], [0.8919600901605581, 0.053332841496058936, -0.11585922726287295], [0.8947694495671276, 0.05337612704169739, -0.10626343499470522], [0.897097416424852, 0.053419856995948894, -0.09653910937523373], [0.8990398583304531, 0.05346366381408654, -0.08673020558395729], [0.9006671090257652, 0.053507349746097235, -0.07686394333342841], [0.9020317856065124, 0.05355081090604404, -0.06695784161411637], [0.9031740424429701, 0.05359399867969133, -0.057023566625490636], [0.9041251088635289, 0.053636897794224335, -0.047069121762806664], [0.9049097037556249, 0.053679512935317815, -0.03710014188464965], [0.9055477234712853, 0.053721859098607626, -0.02712068564232898], [0.9060554372841503, 0.05376395512496286, -0.017133734756047833], [0.9064463425141241, 0.05380581996010865, -0.007141516991865048], [0.9066427566335282, 0.05383284155695721, -0.0006625151257231483]]"
13,handlebar/vertical_left,21,0.3458483458948789,TRUE,0,,21,bus,done,"[[0.2936420999400706, 0.5850650888510447, -0.18581239937603317], [0.29972809189544347, 0.5841858400983937, -0.17792911884276522], [0.3058555443084078, 0.5825260854479783, -0.17020694527528996], [0.31197820936714143, 0.5798769161692523, -0.16276511252112408], [0.31799682165469745, 0.5759890535500886, -0.15580292398061626], [0.3237344016135858, 0.570656935488946, -0.14960793211498127], [0.32897359473136734, 0.5638938486685923, -0.1444571033232388], [0.33360165476684306, 0.5560249925589333, -0.14039708582651314], [0.3377103871201815, 0.5475034729995963, -0.13716665829611896], [0.34150389049438773, 0.5386772300975853, -0.134392997369158], [0.34516330427081016, 0.5297430803652662, -0.13178749627992775], [0.3487951745802317, 0.5207923625314278, -0.1292001957960539], [0.35244684158478023, 0.5118592335985084, -0.12658022221949275], [0.3561363641352671, 0.5029533346541009, -0.12392088793174505], [0.3598701089277175, 0.49407539730392047, -0.12122996123753543], [0.3636497795977995, 0.48522294313315334, -0.11851925879429949], [0.36747466727122047, 0.4763917807000474, -0.11580253084560113], [0.37134249125605945, 0.4675764330979797, -0.11309524413551798], [0.3752498311582547, 0.4587704512754919, -0.11041435712451989], [0.37919245100592264, 0.4499669354446722, -0.1077774013190694], [0.38316538806499684, 0.4411590386376386, -0.10520130707667437], [0.38716275833652525, 0.432340338945026, -0.10270111824575895], [0.3911771335044836, 0.42350484261065124, -0.10028905906412634], [0.395198396435686, 0.41464695144117153, -0.09797251462004715], [0.39921184201783894, 0.40576250200715974, -0.09574580919683687], [0.4031953099729503, 0.396854846483278, -0.09355825142890602], [0.4071143869296589, 0.3879563015625396, -0.09122430888781866], [0.41090662436831993, 0.37919185927035687, -0.0882720942839216], [0.4144305526413883, 0.3709292852376461, -0.08391671869195166], [0.41744008371321767, 0.3638425111584182, -0.07757937915492497], [0.41977959715517116, 0.3583815496512945, -0.069560649954374], [0.42152366598806845, 0.35439158888601285, -0.060569518217396236], [0.42282697542429254, 0.3514988083756818, -0.05109106076313529], [0.42381359003452046, 0.3493969613264571, -0.04136673237963178], [0.42456578798440786, 0.34788045827295677, -0.03151235663867249], [0.42491941558892693, 0.34720869112137154, -0.025713664708530887]]"
14,handlebar/horizontal_left,7,0.11216642802507136,FFALSEalse,0,,7,bus,done,"[[0.3706602616103368, 0.47179510833724964, -0.11166652616172859], [0.37067317354137985, 0.47180071799359413, -0.10166653607104388], [0.37068608547242277, 0.4718063276499386, -0.09166654598035917], [0.3706989974034658, 0.471811937306283, -0.08166655588967446], [0.3707119093345088, 0.4718175469626275, -0.07166656579898975], [0.37072482126555173, 0.471823156618972, -0.061666575708305034], [0.37073773319659475, 0.4718287662753165, -0.051666585617620324], [0.3707506451276377, 0.4718343759316609, -0.041666595526935614], [0.37076355705868075, 0.4718399855880054, -0.031666605436250904], [0.37077646898972366, 0.4718455952443499, -0.02166661534556619], [0.3707893809207667, 0.4718512049006944, -0.011666625254881477], [0.3708022928518097, 0.47185681455703876, -0.0016666351641967659], [0.37080509012873664, 0.4718580298487104, 0.0004997907140927715]]"
15,handlebar/horizontal_right,7,0.11216642802507136,TRUE,0,,7,bus,done,"[[0.3706602616103368, 0.47179510833724964, 0.11166652616172859], [0.37067317354137985, 0.47180071799359413, 0.10166653607104388], [0.37068608547242277, 0.4718063276499386, 0.09166654598035917], [0.3706989974034658, 0.471811937306283, 0.08166655588967446], [0.3707119093345088, 0.4718175469626275, 0.07166656579898975], [0.37072482126555173, 0.471823156618972, 0.061666575708305034], [0.37073773319659475, 0.4718287662753165, 0.051666585617620324], [0.3707506451276377, 0.4718343759316609, 0.041666595526935614], [0.37076355705868075, 0.4718399855880054, 0.031666605436250904], [0.37077646898972366, 0.4718455952443499, 0.02166661534556619], [0.3707893809207667, 0.4718512049006944, 0.011666625254881477], [0.3708022928518097, 0.47185681455703876, 0.0016666351641967659], [0.37080509012873664, 0.4718580298487104, -0.0004997907140927715]]"
16,fork/vertical_right,23,0.36991259654155906,TRUE,0,,23,bus,done,"[[0.6001876336992703, -0.2976668352697708, 0.09438810507937394], [0.5966287917885404, -0.28832153471782906, 0.09438681587665743], [0.5930699498498074, -0.2789762340923535, 0.0943870680886528], [0.5895111079744406, -0.26963093363327334, 0.09438896052724845], [0.5859522662713075, -0.2602856336264685, 0.09439260181971224], [0.5823934248732733, -0.2509403344208345, 0.09439811091866272], [0.5788345839386789, -0.24159503643216554, 0.09440561755217415], [0.575275743657646, -0.2322497401597076, 0.09441526255966583], [0.5717169042572406, -0.2229044461997249, 0.09442719803201677], [0.5681580660073974, -0.21355915526104716, 0.09444158711973193], [0.5645992292270474, -0.2042138681811689, 0.09445860329804878], [0.5610403942899349, -0.1948685859415189, 0.09447842876926842], [0.557481561629103, -0.18552330967924238, 0.09450125147316539], [0.5539227317382124, -0.17617804069066142, 0.09452725985046037], [0.5503639051656528, -0.16683278041581454, 0.09455663396836762], [0.5468050824978835, -0.15748753039470756, 0.09458953061162202], [0.5432462643164456, -0.14814229215443095, 0.09462605822617842], [0.5396874511143506, -0.1387970669896038, 0.09466623437104082], [0.5361286431341848, -0.12945185553724253, 0.0947099119973891], [0.5325698400687087, -0.12010665699055471, 0.09475664802828306], [0.5290110405242916, -0.11076146768995213, 0.09480545977838663], [0.5254522411185316, -0.10141627875345444, 0.09485435091230282], [0.521893435244126, -0.09207107283068976, 0.09489932771188006], [0.5183346130148712, -0.08272582396109489, 0.09493217581490518], [0.5147757742221993, -0.0733805315969826, 0.09493484828389566], [0.5112170431729072, -0.06403552216037585, 0.09486309182868609], [0.5076596862550184, -0.05469412110854341, 0.09458992711707596], [0.5041155615093996, -0.045387466929406976, 0.09372301740329991], [0.500631742466293, -0.03623917182580977, 0.09171009540972606], [0.49723962295795615, -0.027331674075506376, 0.08869790903989778], [0.49399493121235233, -0.018811312586661376, 0.08461043466923131], [0.4910416204914209, -0.011056099794780318, 0.07905576505223492], [0.48841617006766014, -0.004161828031740627, 0.07231199023398316], [0.4860235451975681, 0.0021210581092941934, 0.06491453075869581], [0.4839631553823367, 0.007531515376149185, 0.05677054687887285], [0.4823005733194492, 0.011897353887577598, 0.047935645955299123], [0.48097902669434944, 0.015367654259090773, 0.03865473314027762], [0.4799985135259812, 0.017942421692819777, 0.029137808562298435]]"
17,fork/vertical_left,23,0.36991259654155906,FALSE,0,,23,bus,done,"[[0.6001876336992703, -0.2976668352697708, -0.09438810507937394], [0.5966287917885404, -0.28832153471782906, -0.09438681587665743], [0.5930699498498074, -0.2789762340923535, -0.0943870680886528], [0.5895111079744406, -0.26963093363327334, -0.09438896052724845], [0.5859522662713075, -0.2602856336264685, -0.09439260181971224], [0.5823934248732733, -0.2509403344208345, -0.09439811091866272], [0.5788345839386789, -0.24159503643216554, -0.09440561755217415], [0.575275743657646, -0.2322497401597076, -0.09441526255966583], [0.5717169042572406, -0.2229044461997249, -0.09442719803201677], [0.5681580660073974, -0.21355915526104716, -0.09444158711973193], [0.5645992292270474, -0.2042138681811689, -0.09445860329804878], [0.5610403942899349, -0.1948685859415189, -0.09447842876926842], [0.557481561629103, -0.18552330967924238, -0.09450125147316539], [0.5539227317382124, -0.17617804069066142, -0.09452725985046037], [0.5503639051656528, -0.16683278041581454, -0.09455663396836762], [0.5468050824978835, -0.15748753039470756, -0.09458953061162202], [0.5432462643164456, -0.14814229215443095, -0.09462605822617842], [0.5396874511143506, -0.1387970669896038, -0.09466623437104082], [0.5361286431341848, -0.12945185553724253, -0.0947099119973891], [0.5325698400687087, -0.12010665699055471, -0.09475664802828306], [0.5290110405242916, -0.11076146768995213, -0.09480545977838663], [0.5254522411185316, -0.10141627875345444, -0.09485435091230282], [0.521893435244126, -0.09207107283068976, -0.09489932771188006], [0.5183346130148712, -0.08272582396109489, -0.09493217581490518], [0.5147757742221993, -0.0733805315969826, -0.09493484828389566], [0.5112170431729072, -0.06403552216037585, -0.09486309182868609], [0.5076596862550184, -0.05469412110854341, -0.09458992711707596], [0.5041155615093996, -0.045387466929406976, -0.09372301740329991], [0.500631742466293, -0.03623917182580977, -0.09171009540972606], [0.49723962295795615, -0.027331674075506376, -0.08869790903989778], [0.49399493121235233, -0.018811312586661376, -0.08461043466923131], [0.4910416204914209, -0.011056099794780318, -0.07905576505223492], [0.48841617006766014, -0.004161828031740627, -0.07231199023398316], [0.4860235451975681, 0.0021210581092941934, -0.06491453075869581], [0.4839631553823367, 0.007531515376149185, -0.05677054687887285], [0.4823005733194492, 0.011897353887577598, -0.047935645955299123], [0.48097902669434944, 0.015367654259090773, -0.03865473314027762], [0.4799985135259812, 0.017942421692819777, -0.029137808562298435]]"
3,back_frame/horizontal_2_right,24,0.3987725106579319,TRUE,0,,24,bus,done,"[[-0.3915464504763112, -0.3204110497613798, 0.10972261718346911], [-0.38162409942094255, -0.320625951722065, 0.11072091479313352], [-0.37162732313863134, -0.3207861309505652, 0.11058920032736383], [-0.3616396800772166, -0.3209293247094769, 0.11011759335499756], [-0.35166048757615814, -0.3210645501591898, 0.10948793701284255], [-0.34168602640583035, -0.32119611877942084, 0.1087860356727846], [-0.3317128066630046, -0.3213267907015232, 0.10806644635646936], [-0.32173792558827574, -0.32145866612264223, 0.10737059850216485], [-0.3117590937157329, -0.32159358283940315, 0.1067348297034839], [-0.3017746886861907, -0.32173336288697607, 0.10619538392367296], [-0.29178400886760675, -0.3218799846539529, 0.10579197220730957], [-0.28178788324908693, -0.32203562360483645, 0.10556880030015642], [-0.2717894866431539, -0.3222021320938799, 0.10556433962483552], [-0.2617924839363726, -0.3223772202058046, 0.10573358660298167], [-0.25179953179675957, -0.3225346875381333, 0.10554840161447458], [-0.24200688421097738, -0.32260322455360324, 0.10363499531350864], [-0.23274441275266755, -0.3225720760251448, 0.09988727141016533], [-0.2238541573523437, -0.32249373442647516, 0.09531196223791509], [-0.21511657821245087, -0.32239862611957015, 0.09044951030303335], [-0.20640695011445215, -0.32230057319563843, 0.08553701258232983], [-0.19764421282257197, -0.3222081377721933, 0.08072006003184001], [-0.18875623256498839, -0.32212946927119523, 0.0761389161684603], [-0.1796571209460157, -0.3220759916715241, 0.07199533247927786], [-0.1702338705770324, -0.3220682070792141, 0.06866523320930704], [-0.16042724598373745, -0.3221382404822991, 0.06677733550190917], [-0.1504542212627918, -0.3222692915938021, 0.06606546838067867], [-0.1405624672825115, -0.32236312345183216, 0.0646294410806561], [-0.13074304641130038, -0.3224332501209011, 0.06273911793414014], [-0.1208809335854524, -0.3225160454548703, 0.061090223493061424], [-0.11095855441449447, -0.3226204412312585, 0.05985718922265315], [-0.10099464476849826, -0.3227453662248695, 0.05902469370028336], [-0.09100789945188648, -0.3228878350029605, 0.058538750317036176], [-0.08101131335197348, -0.32304492675297125, 0.05834475803791765], [-0.07101308645911082, -0.3232141812163378, 0.05839580076170762], [-0.06101816714195129, -0.32339361227211716, 0.05865344123732937], [-0.05102943097287348, -0.3235816314077884, 0.059086572722791324], [-0.04104845905744653, -0.32377696569340825, 0.05967002480529784], [-0.031076032753441743, -0.32397858946124897, 0.060383350465357394], [-0.02111244528523544, -0.3241856707202521, 0.06120984901043409], [-0.011157698209319711, -0.324397530094204, 0.062135803113600827], [-0.0024320367555375967, -0.32458687521559293, 0.06302100010338822]]"
31,back_frame/vertical_2_right,27,0.43716648626225063,TRUE,0,,27,bus,done,"[[-0.27869370016058886, 0.11636952071376613, 0.10745876541926823], [-0.2813636609558994, 0.10673255575157714, 0.10747345109414845], [-0.28403362175120983, 0.09709559078938813, 0.10748813676902864], [-0.2867035825465203, 0.08745862582719914, 0.10750282244390887], [-0.28937354334183074, 0.07782166086501015, 0.10751750811878909], [-0.2920435041371412, 0.06818469590282114, 0.10753219379366931], [-0.29471346493245165, 0.05854773094063215, 0.1075468794685495], [-0.2973834257277621, 0.048910765978443155, 0.10756156514342972], [-0.30005338652307256, 0.03927380101625414, 0.10757625081830995], [-0.3027233473183831, 0.029636836054065138, 0.10759093649319014], [-0.30539330811369353, 0.019999871091876145, 0.10760562216807036], [-0.308063268909004, 0.01036290612968715, 0.10762030784295058], [-0.31073322970431444, 0.0007259411674981564, 0.1076349935178308], [-0.3134031904996249, -0.008911023794690838, 0.10764967919271101], [-0.31607315129493535, -0.01854798875687983, 0.10766436486759122], [-0.3187431120902458, -0.028184953719068862, 0.10767905054247144], [-0.3214130728855563, -0.03782191868125786, 0.10769373621735166], [-0.32408303368086677, -0.04745888364344685, 0.10770842189223187], [-0.3267529944761772, -0.05709584860563586, 0.10772310756711208], [-0.32942295527148774, -0.06673281356782484, 0.1077377932419923], [-0.33209291606679814, -0.07636977853001385, 0.10775247891687251], [-0.3347628768621086, -0.08600674349220283, 0.10776716459175273], [-0.33743283765741905, -0.09564370845439184, 0.10778185026663295], [-0.34010279845272956, -0.10528067341658082, 0.10779653594151316], [-0.34277275924804, -0.11491763837876982, 0.10781122161639337], [-0.34544272004335047, -0.12455460334095884, 0.10782590729127359], [-0.348112680838661, -0.13419156830314782, 0.10784059296615381], [-0.35078264163397144, -0.14382853326533682, 0.107855278641034], [-0.3534526024292819, -0.1534654982275258, 0.10786996431591422], [-0.3561225632245923, -0.16310246318971486, 0.10788464999079445], [-0.35879252401990286, -0.17273942815190388, 0.10789933566567467], [-0.36146248481521326, -0.18237639311409282, 0.10791402134055486], [-0.3641324456105237, -0.19201335807628184, 0.10792870701543508], [-0.3668024064058342, -0.20165032303847086, 0.1079433926903153], [-0.3694723672011447, -0.21128728800065985, 0.1079580783651955], [-0.37214232799645514, -0.22092425296284887, 0.10797276404007572], [-0.37481228879176565, -0.2305612179250379, 0.10798744971495594], [-0.3774822495870761, -0.24019818288722683, 0.10800213538983616], [-0.3801522103823865, -0.24983514784941582, 0.10801682106471637], [-0.38282217117769696, -0.25947211281160487, 0.10803150673959658], [-0.38549213197300747, -0.26910907777379384, 0.1080461924144768], [-0.3881620927683179, -0.2787460427359828, 0.10806087808935701], [-0.3908320535636284, -0.2883830076981718, 0.10807556376423723], [-0.3935020143589389, -0.29801997266036084, 0.10809024943911744], [-0.3954154380949728, -0.30492629036149266, 0.10810077390784553]]"
32,back_frame/horizontal_1_right,13,0.20932535680959538,TRUE,0,,13,bus,done,"[[-0.5684289130639083, -0.13677228641689682, 0.10778252613350273], [-0.5584290261445292, -0.1368197542345521, 0.10778542542961991], [-0.5484291392251501, -0.1368672220522074, 0.10778832472573711], [-0.538429252305771, -0.13691468986986266, 0.10779122402185431], [-0.5284293653863918, -0.13696215768751793, 0.10779412331797149], [-0.5184294784670128, -0.1370096255051732, 0.10779702261408869], [-0.5084295915476337, -0.1370570933228285, 0.10779992191020588], [-0.49842970462825464, -0.13710456114048378, 0.10780282120632308], [-0.4884298177088755, -0.13715202895813905, 0.10780572050244026], [-0.4784299307894964, -0.13719949677579435, 0.10780861979855746], [-0.46843004387011733, -0.13724696459344965, 0.10781151909467467], [-0.45843015695073824, -0.13729443241110492, 0.10781441839079184], [-0.44843027003135916, -0.1373419002287602, 0.10781731768690904], [-0.43843038311198007, -0.13738936804641547, 0.10782021698302623], [-0.42843049619260093, -0.13743683586407077, 0.10782311627914343], [-0.41843060927322184, -0.13748430368172604, 0.10782601557526063], [-0.40843072235384276, -0.1375317714993813, 0.10782891487137782], [-0.39843083543446367, -0.1375792393170366, 0.107831814167495], [-0.38843094851508453, -0.13762670713469188, 0.10783471346361219], [-0.37843106159570555, -0.13767417495234718, 0.10783761275972939], [-0.36843117467632636, -0.13772164277000246, 0.10784051205584659], [-0.3591059233184448, -0.13776590820366327, 0.10784321575292553]]"
33,back_frame/vertical_3_right,3,0.049260177763811155,TRUE,0,,3,bus,done,"[[-0.5403584649180434, -0.22253017694585986, 0.10792784479227822], [-0.5367081634017661, -0.23184012026260375, 0.10794379092908025], [-0.5330578618854888, -0.2411500635793477, 0.10795973706588229], [-0.5294075603692115, -0.2504600068960916, 0.10797568320268429], [-0.5257572588529342, -0.25976995021283555, 0.1079916293394863], [-0.5223770147597105, -0.268391123221241, 0.10800639574562959]]"
34,back_frame/vertical_1_right,20,0.3225730237461841,TRUE,0,,20,bus,done,"[[-0.6734317480582908, 0.12282290468121054, 0.1073369808085615], [-0.6697436842171426, 0.11352785593226984, 0.10735291374398451], [-0.6660556203759944, 0.10423280718332915, 0.10736884667940749], [-0.6623675565348462, 0.09493775843438847, 0.1073847796148305], [-0.6586794926936981, 0.08564270968544778, 0.10740071255025352], [-0.6549914288525498, 0.07634766093650708, 0.10741664548567653], [-0.6513033650114015, 0.06705261218756639, 0.10743257842109953], [-0.6476153011702533, 0.057757563438625696, 0.10744851135652254], [-0.6439272373291051, 0.048462514689685, 0.10746444429194556], [-0.6402391734879569, 0.0391674659407443, 0.10748037722736857], [-0.6365511096468087, 0.029872417191803623, 0.10749631016279157], [-0.6328630458056606, 0.020577368442862926, 0.10751224309821458], [-0.6291749819645124, 0.01128231969392223, 0.1075281760336376], [-0.6254869181233641, 0.0019872709449815494, 0.10754410896906061], [-0.6217988542822159, -0.007307777803959148, 0.1075600419044836], [-0.6181107904410676, -0.016602826552899828, 0.10757597483990661], [-0.6144227265999195, -0.025897875301840543, 0.10759190777532962], [-0.6107346627587713, -0.03519292405078122, 0.10760784071075263], [-0.607046598917623, -0.044487972799721935, 0.10762377364617563], [-0.6033585350764749, -0.053783021548662616, 0.10763970658159865], [-0.5996704712353267, -0.0630780702976033, 0.10765563951702166], [-0.5959824073941785, -0.07237311904654402, 0.10767157245244467], [-0.5922943435530302, -0.08166816779548469, 0.10768750538786767], [-0.5886062797118821, -0.09096321654442537, 0.10770343832329068], [-0.5849182158707338, -0.10025826529336608, 0.1077193712587137], [-0.5812301520295856, -0.10955331404230677, 0.10773530419413671], [-0.5775420881884374, -0.11884836279124744, 0.10775123712955971], [-0.5738540243472893, -0.12814341154018813, 0.10776717006498272], [-0.5701659605061411, -0.13743846028912884, 0.10778310300040574], [-0.5664778966649928, -0.14673350903806956, 0.10779903593582875], [-0.5627898328238445, -0.1560285577870102, 0.10781496887125173], [-0.5591017689826964, -0.1653236065359509, 0.10783090180667475], [-0.5554137051415482, -0.17461865528489162, 0.10784683474209776], [-0.5544647575574765, -0.1770102934001879, 0.10785093432421675]]"
35,back_frame/vertical_1_left,20,0.3225730237461841,FALSE,0,,20,bus,done,"[[-0.6734317480582908, 0.12282290468121054, -0.1073369808085615], [-0.6697436842171426, 0.11352785593226984, -0.10735291374398451], [-0.6660556203759944, 0.10423280718332915, -0.10736884667940749], [-0.6623675565348462, 0.09493775843438847, -0.1073847796148305], [-0.6586794926936981, 0.08564270968544778, -0.10740071255025352], [-0.6549914288525498, 0.07634766093650708, -0.10741664548567653], [-0.6513033650114015, 0.06705261218756639, -0.10743257842109953], [-0.6476153011702533, 0.057757563438625696, -0.10744851135652254], [-0.6439272373291051, 0.048462514689685, -0.10746444429194556], [-0.6402391734879569, 0.0391674659407443, -0.10748037722736857], [-0.6365511096468087, 0.029872417191803623, -0.10749631016279157], [-0.6328630458056606, 0.020577368442862926, -0.10751224309821458], [-0.6291749819645124, 0.01128231969392223, -0.1075281760336376], [-0.6254869181233641, 0.0019872709449815494, -0.10754410896906061], [-0.6217988542822159, -0.007307777803959148, -0.1075600419044836], [-0.6181107904410676, -0.016602826552899828, -0.10757597483990661], [-0.6144227265999195, -0.025897875301840543, -0.10759190777532962], [-0.6107346627587713, -0.03519292405078122, -0.10760784071075263], [-0.607046598917623, -0.044487972799721935, -0.10762377364617563], [-0.6033585350764749, -0.053783021548662616, -0.10763970658159865], [-0.5996704712353267, -0.0630780702976033, -0.10765563951702166], [-0.5959824073941785, -0.07237311904654402, -0.10767157245244467], [-0.5922943435530302, -0.08166816779548469, -0.10768750538786767], [-0.5886062797118821, -0.09096321654442537, -0.10770343832329068], [-0.5849182158707338, -0.10025826529336608, -0.1077193712587137], [-0.5812301520295856, -0.10955331404230677, -0.10773530419413671], [-0.5775420881884374, -0.11884836279124744, -0.10775123712955971], [-0.5738540243472893, -0.12814341154018813, -0.10776717006498272], [-0.5701659605061411, -0.13743846028912884, -0.10778310300040574], [-0.5664778966649928, -0.14673350903806956, -0.10779903593582875], [-0.5627898328238445, -0.1560285577870102, -0.10781496887125173], [-0.5591017689826964, -0.1653236065359509, -0.10783090180667475], [-0.5554137051415482, -0.17461865528489162, -0.10784683474209776], [-0.5544647575574765, -0.1770102934001879, -0.10785093432421675]]"
36,back_frame/vertical_3_left,3,0.049260177763811155,FALSE,0,,3,bus,done,"[[-0.5403584649180434, -0.22253017694585986, -0.10792784479227822], [-0.5367081634017661, -0.23184012026260375, -0.10794379092908025], [-0.5330578618854888, -0.2411500635793477, -0.10795973706588229], [-0.5294075603692115, -0.2504600068960916, -0.10797568320268429], [-0.5257572588529342, -0.25976995021283555, -0.1079916293394863], [-0.5223770147597105, -0.268391123221241, -0.10800639574562959]]"
37,back_frame/horizontal_1_left,13,0.20932535680959538,FALSE,0,,13,bus,done,"[[-0.5684289130639083, -0.13677228641689682, -0.10778252613350273], [-0.5584290261445292, -0.1368197542345521, -0.10778542542961991], [-0.5484291392251501, -0.1368672220522074, -0.10778832472573711], [-0.538429252305771, -0.13691468986986266, -0.10779122402185431], [-0.5284293653863918, -0.13696215768751793, -0.10779412331797149], [-0.5184294784670128, -0.1370096255051732, -0.10779702261408869], [-0.5084295915476337, -0.1370570933228285, -0.10779992191020588], [-0.49842970462825464, -0.13710456114048378, -0.10780282120632308], [-0.4884298177088755, -0.13715202895813905, -0.10780572050244026], [-0.4784299307894964, -0.13719949677579435, -0.10780861979855746], [-0.46843004387011733, -0.13724696459344965, -0.10781151909467467], [-0.45843015695073824, -0.13729443241110492, -0.10781441839079184], [-0.44843027003135916, -0.1373419002287602, -0.10781731768690904], [-0.43843038311198007, -0.13738936804641547, -0.10782021698302623], [-0.42843049619260093, -0.13743683586407077, -0.10782311627914343], [-0.41843060927322184, -0.13748430368172604, -0.10782601557526063], [-0.40843072235384276, -0.1375317714993813, -0.10782891487137782], [-0.39843083543446367, -0.1375792393170366, -0.107831814167495], [-0.38843094851508453, -0.13762670713469188, -0.10783471346361219], [-0.37843106159570555, -0.13767417495234718, -0.10783761275972939], [-0.36843117467632636, -0.13772164277000246, -0.10784051205584659], [-0.3591059233184448, -0.13776590820366327, -0.10784321575292553]]"
38,back_frame/vertical_2_left,27,0.43716648626225063,FALSE,0,,27,bus,done,"[[-0.27869370016058886, 0.11636952071376613, -0.10745876541926823], [-0.2813636609558994, 0.10673255575157714, -0.10747345109414845], [-0.28403362175120983, 0.09709559078938813, -0.10748813676902864], [-0.2867035825465203, 0.08745862582719914, -0.10750282244390887], [-0.28937354334183074, 0.07782166086501015, -0.10751750811878909], [-0.2920435041371412, 0.06818469590282114, -0.10753219379366931], [-0.29471346493245165, 0.05854773094063215, -0.1075468794685495], [-0.2973834257277621, 0.048910765978443155, -0.10756156514342972], [-0.30005338652307256, 0.03927380101625414, -0.10757625081830995], [-0.3027233473183831, 0.029636836054065138, -0.10759093649319014], [-0.30539330811369353, 0.019999871091876145, -0.10760562216807036], [-0.308063268909004, 0.01036290612968715, -0.10762030784295058], [-0.31073322970431444, 0.0007259411674981564, -0.1076349935178308], [-0.3134031904996249, -0.008911023794690838, -0.10764967919271101], [-0.31607315129493535, -0.01854798875687983, -0.10766436486759122], [-0.3187431120902458, -0.028184953719068862, -0.10767905054247144], [-0.3214130728855563, -0.03782191868125786, -0.10769373621735166], [-0.32408303368086677, -0.04745888364344685, -0.10770842189223187], [-0.3267529944761772, -0.05709584860563586, -0.10772310756711208], [-0.32942295527148774, -0.06673281356782484, -0.1077377932419923], [-0.33209291606679814, -0.07636977853001385, -0.10775247891687251], [-0.3347628768621086, -0.08600674349220283, -0.10776716459175273], [-0.33743283765741905, -0.09564370845439184, -0.10778185026663295], [-0.34010279845272956, -0.10528067341658082, -0.10779653594151316], [-0.34277275924804, -0.11491763837876982, -0.10781122161639337], [-0.34544272004335047, -0.12455460334095884, -0.10782590729127359], [-0.348112680838661, -0.13419156830314782, -0.10784059296615381], [-0.35078264163397144, -0.14382853326533682, -0.107855278641034], [-0.3534526024292819, -0.1534654982275258, -0.10786996431591422], [-0.3561225632245923, -0.16310246318971486, -0.10788464999079445], [-0.35879252401990286, -0.17273942815190388, -0.10789933566567467], [-0.36146248481521326, -0.18237639311409282, -0.10791402134055486], [-0.3641324456105237, -0.19201335807628184, -0.10792870701543508], [-0.3668024064058342, -0.20165032303847086, -0.1079433926903153], [-0.3694723672011447, -0.21128728800065985, -0.1079580783651955], [-0.37214232799645514, -0.22092425296284887, -0.10797276404007572], [-0.37481228879176565, -0.2305612179250379, -0.10798744971495594], [-0.3774822495870761, -0.24019818288722683, -0.10800213538983616], [-0.3801522103823865, -0.24983514784941582, -0.10801682106471637], [-0.38282217117769696, -0.25947211281160487, -0.10803150673959658], [-0.38549213197300747, -0.26910907777379384, -0.1080461924144768], [-0.3881620927683179, -0.2787460427359828, -0.10806087808935701], [-0.3908320535636284, -0.2883830076981718, -0.10807556376423723], [-0.3935020143589389, -0.29801997266036084, -0.10809024943911744], [-0.3954154380949728, -0.30492629036149266, -0.10810077390784553]]"
39,back_frame/horizontal_2_left,24,0.3987725106579319,FALSE,0,,24,bus,done,"[[-0.3915464504763112, -0.3204110497613798, -0.10972261718346911], [-0.38162409942094255, -0.320625951722065, -0.11072091479313352], [-0.37162732313863134, -0.3207861309505652, -0.11058920032736383], [-0.3616396800772166, -0.3209293247094769, -0.11011759335499756], [-0.35166048757615814, -0.3210645501591898, -0.10948793701284255], [-0.34168602640583035, -0.32119611877942084, -0.1087860356727846], [-0.3317128066630046, -0.3213267907015232, -0.10806644635646936], [-0.32173792558827574, -0.32145866612264223, -0.10737059850216485], [-0.3117590937157329, -0.32159358283940315, -0.1067348297034839], [-0.3017746886861907, -0.32173336288697607, -0.10619538392367296], [-0.29178400886760675, -0.3218799846539529, -0.10579197220730957], [-0.28178788324908693, -0.32203562360483645, -0.10556880030015642], [-0.2717894866431539, -0.3222021320938799, -0.10556433962483552], [-0.2617924839363726, -0.3223772202058046, -0.10573358660298167], [-0.25179953179675957, -0.3225346875381333, -0.10554840161447458], [-0.24200688421097738, -0.32260322455360324, -0.10363499531350864], [-0.23274441275266755, -0.3225720760251448, -0.09988727141016533], [-0.2238541573523437, -0.32249373442647516, -0.09531196223791509], [-0.21511657821245087, -0.32239862611957015, -0.09044951030303335], [-0.20640695011445215, -0.32230057319563843, -0.08553701258232983], [-0.19764421282257197, -0.3222081377721933, -0.08072006003184001], [-0.18875623256498839, -0.32212946927119523, -0.0761389161684603], [-0.1796571209460157, -0.3220759916715241, -0.07199533247927786], [-0.1702338705770324, -0.3220682070792141, -0.06866523320930704], [-0.16042724598373745, -0.3221382404822991, -0.06677733550190917], [-0.1504542212627918, -0.3222692915938021, -0.06606546838067867], [-0.1405624672825115, -0.32236312345183216, -0.0646294410806561], [-0.13074304641130038, -0.3224332501209011, -0.06273911793414014], [-0.1208809335854524, -0.3225160454548703, -0.061090223493061424], [-0.11095855441449447, -0.3226204412312585, -0.05985718922265315], [-0.10099464476849826, -0.3227453662248695, -0.05902469370028336], [-0.09100789945188648, -0.3228878350029605, -0.058538750317036176], [-0.08101131335197348, -0.32304492675297125, -0.05834475803791765], [-0.07101308645911082, -0.3232141812163378, -0.05839580076170762], [-0.06101816714195129, -0.32339361227211716, -0.05865344123732937], [-0.05102943097287348, -0.3235816314077884, -0.059086572722791324], [-0.04104845905744653, -0.32377696569340825, -0.05967002480529784], [-0.031076032753441743, -0.32397858946124897, -0.060383350465357394], [-0.02111244528523544, -0.3241856707202521, -0.06120984901043409], [-0.011157698209319711, -0.324397530094204, -0.062135803113600827], [-0.0024320367555375967, -0.32458687521559293, -0.06302100010338822]]"
4,front_frame/vertical_fork_right,9,0.19717391855680608,TRUE,0,,9,bus,done,"[[0.410712085333558, 0.21010907251814984, 0.03133925312621369], [0.4140737953900049, 0.20069223410701853, 0.03148777866282357], [0.4174355054464518, 0.19127539569588717, 0.03163630419943345], [0.42079721550289867, 0.18185855728475583, 0.03178482973604333], [0.42415892555934553, 0.17244171887362447, 0.031933355272653216], [0.4275206356157924, 0.16302488046249317, 0.0320818808092631], [0.4308823456722394, 0.1536080420513618, 0.032230406345872986], [0.43424405572868624, 0.14419120364023047, 0.032378931882482864], [0.4376057657851331, 0.1347743652290991, 0.03252745741909274], [0.44096747584157997, 0.1253575268179678, 0.03267598295570263], [0.4443291858980269, 0.11594068840683645, 0.03282450849231251], [0.44769089595447376, 0.10652384999570512, 0.0329730340289224], [0.4510526060109206, 0.09710701158457377, 0.033121559565532276], [0.45441431606736754, 0.08769017317344244, 0.03327008510214216], [0.4577760261238144, 0.0782733347623111, 0.03341861063875204], [0.4611377361802613, 0.06885649635117976, 0.03356713617536192], [0.4644994462367082, 0.05943965794004841, 0.0337156617119718], [0.4678611562931551, 0.050022819528917066, 0.03386418724858169], [0.471222866349602, 0.040605981117785746, 0.03401271278519157], [0.47458457640604884, 0.031189142706654387, 0.03416123832180145], [0.4769962398217034, 0.024433579524248437, 0.03426778933212597]]"
41,front_frame/vertical_steer_right,39,0.6441446257577956,TRUE,0,,39,bus,done,"[[0.0422898248114279, -0.3240494266295063, 0.030169176781102234], [0.052288075430103255, -0.32397901695171555, 0.030340079340309783], [0.06228500104519801, -0.3238014927924493, 0.030509925936676573], [0.072278893184297, -0.3234979616698238, 0.030678505014292493], [0.08226705199420369, -0.32304354965444804, 0.03084553030706092], [0.09224508538540337, -0.32240473055576513, 0.031010603048577168], [0.10220559858397534, -0.32153518672146364, 0.031173149556650313], [0.11213565826438707, -0.32036943564180315, 0.03133231623719028], [0.12201182515066344, -0.31881371114256885, 0.03148679637796983], [0.13179106792037237, -0.31673686776726917, 0.03163458648438597], [0.14140003235391035, -0.31398054304108014, 0.03177290015045376], [0.1507519605773685, -0.3104492346798513, 0.03189932729591658], [0.15983391994182358, -0.306268532887245, 0.032014857422003794], [0.16873781141897712, -0.30171858884411423, 0.032123769990269994], [0.1775153233178024, -0.29692929430632536, 0.032228204966208034], [0.18611170704544988, -0.29182284848729306, 0.03232647233474255], [0.19443101057683737, -0.2862772455517583, 0.032415748580435826], [0.20242936661732736, -0.2802773889697496, 0.03249513526812636], [0.21016969300137184, -0.27394704926497887, 0.03256690602987277], [0.2177267760576224, -0.26739879844163267, 0.03263343015433755], [0.2250305119916236, -0.2605701155421272, 0.03269290150207762], [0.2318998665792762, -0.2533059647788308, 0.032740717840856214], [0.23822507111465152, -0.24556334042906997, 0.03277458057831855], [0.2440470128298312, -0.2374343664578074, 0.03279608001340303], [0.2495172263349921, -0.22906368926758347, 0.0328092119144982], [0.2547790675841782, -0.22056026207519064, 0.03281748739886131], [0.25952333168885566, -0.21176237265655715, 0.03281404027426291], [0.2634271324355468, -0.20255795471242288, 0.032792248444493674], [0.26692175522380723, -0.193188815452275, 0.032761845741493975], [0.27024151187912865, -0.18375606772989916, 0.032727828564167345], [0.2734712184141416, -0.17429206801390243, 0.032691964564830284], [0.27664747760702163, -0.16480998770462846, 0.03265500894124202], [0.2797889578867486, -0.15531632623442848, 0.032617344758980295], [0.28290640520342425, -0.14581474588810603, 0.03257919175750503], [0.28600657516641265, -0.13630751476258934, 0.032540687749030704], [0.28909401166344706, -0.12679614144870544, 0.03250192526384835], [0.2921719429150578, -0.11728168846823209, 0.032462969951080355], [0.29524277262951704, -0.10776494150873898, 0.032423870639912415], [0.29830836848603126, -0.09824650764724019, 0.0323846652377676], [0.3013702420844931, -0.08872687602481606, 0.03234538440372179], [0.3044296677807864, -0.07920645758850536, 0.03230605397120665], [0.307487766040599, -0.06968561277445884, 0.032266696645490214], [0.31054556618216694, -0.06016467223193395, 0.032227333280319306], [0.31360405790614143, -0.05064395377835277, 0.032187983925780865], [0.3166642383367478, -0.04112377785532065, 0.03214866878467183], [0.3197271603531645, -0.03160448342763078, 0.03210940919528403], [0.3227939883995361, -0.022086446406906834, 0.03207022876688358], [0.32586606990804945, -0.012570103353367923, 0.032031154834041634], [0.3289450348331151, -0.0030559847145893867, 0.03199222048537834], [0.3320329448178648, 0.006455235008292268, 0.03195346760733743], [0.3351325323511357, 0.015962656174692176, 0.031914951770554034], [0.33824761161012, 0.025465013372303513, 0.03187675063693352], [0.34138384209169026, 0.03496041091647894, 0.031838979615830286], [0.34455029740227316, 0.04444577103892309, 0.03180182410908664], [0.347763156684551, 0.05391550735299828, 0.031765615655980954], [0.35105627475352025, 0.06335759786187255, 0.03173105120887106], [0.3545226518372849, 0.0727371742484877, 0.03170006310006996], [0.35853371347675733, 0.08189265601339445, 0.03168058403070452], [0.3629898950810939, 0.0908424344030869, 0.03167072795378814], [0.36686966285386197, 0.1000580127601018, 0.03164841603681776], [0.37224703009367693, 0.10846220657897526, 0.03165963128614208], [0.37824644717947564, 0.11646223798912807, 0.03168542018459585], [0.3850833448984763, 0.12374141256708458, 0.031732534605941755], [0.39164009062344873, 0.13126924042359117, 0.03177244278513351], [0.3980350346221653, 0.13893581737903044, 0.03180823588543673], [0.4012134841327847, 0.14159172963633257, 0.03183716293564112]]"
42,front_frame/vertical_steer_left,39,0.6441446257577956,FALSE,0,,39,bus,done,"[[0.0422898248114279, -0.3240494266295063, -0.030169176781102234], [0.052288075430103255, -0.32397901695171555, -0.030340079340309783], [0.06228500104519801, -0.3238014927924493, -0.030509925936676573], [0.072278893184297, -0.3234979616698238, -0.030678505014292493], [0.08226705199420369, -0.32304354965444804, -0.03084553030706092], [0.09224508538540337, -0.32240473055576513, -0.031010603048577168], [0.10220559858397534, -0.32153518672146364, -0.031173149556650313], [0.11213565826438707, -0.32036943564180315, -0.03133231623719028], [0.12201182515066344, -0.31881371114256885, -0.03148679637796983], [0.13179106792037237, -0.31673686776726917, -0.03163458648438597], [0.14140003235391035, -0.31398054304108014, -0.03177290015045376], [0.1507519605773685, -0.3104492346798513, -0.03189932729591658], [0.15983391994182358, -0.306268532887245, -0.032014857422003794], [0.16873781141897712, -0.30171858884411423, -0.032123769990269994], [0.1775153233178024, -0.29692929430632536, -0.032228204966208034], [0.18611170704544988, -0.29182284848729306, -0.03232647233474255], [0.19443101057683737, -0.2862772455517583, -0.032415748580435826], [0.20242936661732736, -0.2802773889697496, -0.03249513526812636], [0.21016969300137184, -0.27394704926497887, -0.03256690602987277], [0.2177267760576224, -0.26739879844163267, -0.03263343015433755], [0.2250305119916236, -0.2605701155421272, -0.03269290150207762], [0.2318998665792762, -0.2533059647788308, -0.032740717840856214], [0.23822507111465152, -0.24556334042906997, -0.03277458057831855], [0.2440470128298312, -0.2374343664578074, -0.03279608001340303], [0.2495172263349921, -0.22906368926758347, -0.0328092119144982], [0.2547790675841782, -0.22056026207519064, -0.03281748739886131], [0.25952333168885566, -0.21176237265655715, -0.03281404027426291], [0.2634271324355468, -0.20255795471242288, -0.032792248444493674], [0.26692175522380723, -0.193188815452275, -0.032761845741493975], [0.27024151187912865, -0.18375606772989916, -0.032727828564167345], [0.2734712184141416, -0.17429206801390243, -0.032691964564830284], [0.27664747760702163, -0.16480998770462846, -0.03265500894124202], [0.2797889578867486, -0.15531632623442848, -0.032617344758980295], [0.28290640520342425, -0.14581474588810603, -0.03257919175750503], [0.28600657516641265, -0.13630751476258934, -0.032540687749030704], [0.28909401166344706, -0.12679614144870544, -0.03250192526384835], [0.2921719429150578, -0.11728168846823209, -0.032462969951080355], [0.29524277262951704, -0.10776494150873898, -0.032423870639912415], [0.29830836848603126, -0.09824650764724019, -0.0323846652377676], [0.3013702420844931, -0.08872687602481606, -0.03234538440372179], [0.3044296677807864, -0.07920645758850536, -0.03230605397120665], [0.307487766040599, -0.06968561277445884, -0.032266696645490214], [0.31054556618216694, -0.06016467223193395, -0.032227333280319306], [0.31360405790614143, -0.05064395377835277, -0.032187983925780865], [0.3166642383367478, -0.04112377785532065, -0.03214866878467183], [0.3197271603531645, -0.03160448342763078, -0.03210940919528403], [0.3227939883995361, -0.022086446406906834, -0.03207022876688358], [0.32586606990804945, -0.012570103353367923, -0.032031154834041634], [0.3289450348331151, -0.0030559847145893867, -0.03199222048537834], [0.3320329448178648, 0.006455235008292268, -0.03195346760733743], [0.3351325323511357, 0.015962656174692176, -0.031914951770554034], [0.33824761161012, 0.025465013372303513, -0.03187675063693352], [0.34138384209169026, 0.03496041091647894, -0.031838979615830286], [0.34455029740227316, 0.04444577103892309, -0.03180182410908664], [0.347763156684551, 0.05391550735299828, -0.031765615655980954], [0.35105627475352025, 0.06335759786187255, -0.03173105120887106], [0.3545226518372849, 0.0727371742484877, -0.03170006310006996], [0.35853371347675733, 0.08189265601339445, -0.03168058403070452], [0.3629898950810939, 0.0908424344030869, -0.03167072795378814], [0.36686966285386197, 0.1000580127601018, -0.03164841603681776], [0.37224703009367693, 0.10846220657897526, -0.03165963128614208], [0.37824644717947564, 0.11646223798912807, -0.03168542018459585], [0.3850833448984763, 0.12374141256708458, -0.031732534605941755], [0.39164009062344873, 0.13126924042359117, -0.03177244278513351], [0.3980350346221653, 0.13893581737903044, -0.03180823588543673], [0.4012134841327847, 0.14159172963633257, -0.03183716293564112]]"
43,front_frame/vertical_fork_left,9,0.19717391855680608,FALSE,0,,9,bus,done,"[[0.410712085333558, 0.21010907251814984, -0.03133925312621369], [0.4140737953900049, 0.20069223410701853, -0.03148777866282357], [0.4174355054464518, 0.19127539569588717, -0.03163630419943345], [0.42079721550289867, 0.18185855728475583, -0.03178482973604333], [0.42415892555934553, 0.17244171887362447, -0.031933355272653216], [0.4275206356157924, 0.16302488046249317, -0.0320818808092631], [0.4308823456722394, 0.1536080420513618, -0.032230406345872986], [0.43424405572868624, 0.14419120364023047, -0.032378931882482864], [0.4376057657851331, 0.1347743652290991, -0.03252745741909274], [0.44096747584157997, 0.1253575268179678, -0.03267598295570263], [0.4443291858980269, 0.11594068840683645, -0.03282450849231251], [0.44769089595447376, 0.10652384999570512, -0.0329730340289224], [0.4510526060109206, 0.09710701158457377, -0.033121559565532276], [0.45441431606736754, 0.08769017317344244, -0.03327008510214216], [0.4577760261238144, 0.0782733347623111, -0.03341861063875204], [0.4611377361802613, 0.06885649635117976, -0.03356713617536192], [0.4644994462367082, 0.05943965794004841, -0.0337156617119718], [0.4678611562931551, 0.050022819528917066, -0.03386418724858169], [0.471222866349602, 0.040605981117785746, -0.03401271278519157], [0.47458457640604884, 0.031189142706654387, -0.03416123832180145], [0.4769962398217034, 0.024433579524248437, -0.03426778933212597]]"
2,front_frame/horizontal_1_right,12,0.2835696296916928,TRUE,0,,12,bus,done,"[[-0.029718169600099317, -0.1999742178395868, 0.027736607909284384], [-0.01972046580888327, -0.20010094929609515, 0.027909402703869147], [-0.009722762017667226, -0.20022768075260353, 0.028082197498453906], [0.00027494177354882245, -0.20035441220911188, 0.02825499229303867], [0.010272645564764864, -0.20048114366562025, 0.028427787087623432], [0.02027034935598092, -0.20060787512212863, 0.028600581882208195], [0.03026805314719696, -0.200734606578637, 0.02877337667679295], [0.040265756938413, -0.2008613380351454, 0.028946171471377714], [0.05026346072962904, -0.20098806949165376, 0.029118966265962477], [0.0602611645208451, -0.20111480094816211, 0.02929176106054724], [0.07025886831206116, -0.2012415324046705, 0.029464555855132], [0.08025657210327719, -0.20136826386117884, 0.029637350649716763], [0.09025427589449324, -0.20149499531768722, 0.029810145444301526], [0.10025197968570927, -0.2016217267741956, 0.02998294023888629], [0.11024968347692532, -0.20174845823070395, 0.03015573503347105], [0.12024738726814135, -0.20187518968721233, 0.03032852982805581], [0.13024509105935742, -0.20200192114372068, 0.030501324622640574], [0.14024279485057345, -0.20212865260022908, 0.030674119417225337], [0.1502404986417895, -0.20225538405673746, 0.030846914211810093], [0.16023820243300554, -0.2023821155132458, 0.031019709006394856], [0.17023590622422163, -0.20250884696975419, 0.03119250380097962], [0.1802336100154376, -0.20263557842626256, 0.03136529859556438], [0.1902313138066537, -0.2027623098827709, 0.031538093390149145], [0.2002290175978697, -0.2028890413392793, 0.03171088818473391], [0.2102267213890858, -0.20301577279578764, 0.03188368297931867], [0.22022442518030183, -0.20314250425229602, 0.032056477773903434], [0.23022212897151786, -0.2032692357088044, 0.03222927256848819], [0.24021983276273393, -0.20339596716531275, 0.03240206736307295], [0.25021753655394996, -0.20352269862182112, 0.032574862157657716], [0.2537863465841374, -0.20356793705882353, 0.032636543500589685]]"
21,front_frame/vertical_seat_right,20,0.35905462848674596,TRUE,0,,20,bus,done,"[[-0.12382325355510453, 0.059054568542734956, 0.023623067408044696], [-0.12072872135064816, 0.049546524709196495, 0.02376788762449801], [-0.1176341891461918, 0.04003848087565802, 0.023912707840951328], [-0.11453965694173544, 0.030530437042119555, 0.02405752805740464], [-0.11144512473727908, 0.02102239320858109, 0.024202348273857956], [-0.10835059253282271, 0.011514349375042619, 0.024347168490311277], [-0.10525606032836635, 0.0020063055415041565, 0.02449198870676459], [-0.10216152812390998, -0.007501738292034314, 0.024636808923217905], [-0.09906699591945362, -0.017009782125572775, 0.024781629139671222], [-0.09597246371499728, -0.02651782595911124, 0.024926449356124536], [-0.09287793151054088, -0.03602586979264972, 0.02507126957257785], [-0.08978339930608453, -0.04553391362618818, 0.025216089789031167], [-0.08668886710162818, -0.05504195745972664, 0.02536091000548448], [-0.0835943348971718, -0.06455000129326512, 0.025505730221937795], [-0.08049980269271544, -0.07405804512680358, 0.025650550438391116], [-0.07740527048825908, -0.08356608896034205, 0.02579537065484443], [-0.07431073828380272, -0.0930741327938805, 0.025940190871297744], [-0.07121620607934637, -0.10258217662741899, 0.02608501108775106], [-0.06812167387489, -0.11209022046095743, 0.026229831304204376], [-0.06502714167043364, -0.12159826429449595, 0.02637465152065769], [-0.06193260946597727, -0.1311063081280344, 0.02651947173711101], [-0.058838077261520905, -0.14061435196157288, 0.026664291953564324], [-0.05574354505706454, -0.15012239579511133, 0.02680911217001764], [-0.05264901285260819, -0.15963043962864978, 0.026953932386470952], [-0.04955448064815182, -0.16913848346218824, 0.02709875260292427], [-0.046459948443695456, -0.17864652729572672, 0.027243572819377584], [-0.043365416239239084, -0.1881545711292652, 0.0273883930358309], [-0.04027088403478272, -0.19766261496280368, 0.027533213252284215], [-0.03717635183032636, -0.2071706587963421, 0.02767803346873753], [-0.03408181962587001, -0.2166787026298806, 0.027822853685190843], [-0.030987287421413646, -0.22618674646341905, 0.027967673901644164], [-0.027892755216957284, -0.23569479029695753, 0.028112494118097478], [-0.024798223012500918, -0.24520283413049598, 0.028257314334550792], [-0.021703690808044556, -0.25471087796403447, 0.02840213455100411], [-0.01860915860358819, -0.26421892179757295, 0.028546954767457423], [-0.015514626399131828, -0.27372696563111143, 0.028691774983910737], [-0.012712642453969494, -0.28233614608595003, 0.028822904309646232]]"
22,back_frame/seat_right,42,0.7801030508281604,TRUE,0,,42,bus,done,"[[-0.7688535882710021, 0.13062470207735216, 0.009520373116822523], [-0.7683933711089534, 0.1308315275943666, 0.019507378418942484], [-0.7676597770684742, 0.13101060438454049, 0.02947843521029406], [-0.7665804081189475, 0.13115809306739848, 0.03941825722168223], [-0.7650432360735039, 0.13126992573043247, 0.0492975533620825], [-0.7628814599905859, 0.1313419156599634, 0.0590584366884425], [-0.7598604804189503, 0.13137024588161744, 0.06858634935682567], [-0.7556907489028126, 0.13135287059994755, 0.07766614014110385], [-0.7501157986913464, 0.13129240481404844, 0.08595158918907486], [-0.7430870976667281, 0.13119901055340707, 0.09304205877099606], [-0.7348553607523647, 0.1310885322631209, 0.09869559115169692], [-0.72581782692454, 0.13097554769984435, 0.10295444006941679], [-0.7163128310313422, 0.13086885037666945, 0.10604384635946872], [-0.7065563314439628, 0.13077190215983464, 0.10822248343753188], [-0.6966696333887518, 0.1306849327613665, 0.10971085315982719], [-0.6867177278246583, 0.1306065734943545, 0.11067849398926023], [-0.6767349371617274, 0.1305347535472329, 0.11125202425617242], [-0.6667391863478946, 0.1304672633351588, 0.11152532969882949], [-0.6567396602782489, 0.13040206520218253, 0.11156830715428707], [-0.6467408738488946, 0.13033739468168304, 0.11143384981503739], [-0.6367448224977748, 0.13027179248130114, 0.11116280031191039], [-0.6267521370950729, 0.1302041197428882, 0.1107873347382828], [-0.6167627077441905, 0.1301335219442725, 0.1103335249375376], [-0.6067760191677545, 0.13005936752409775, 0.10982326043382691], [-0.5967913406455957, 0.12998121117735187, 0.10927552352925965], [-0.5868078427573719, 0.1298987788432517, 0.108707228191581], [-0.5768246769090113, 0.1298119682189265, 0.10813376388898821], [-0.5668410345589803, 0.1297208528756649, 0.10756935208739073], [-0.5568561934051656, 0.12962567486688145, 0.1070273026046396], [-0.5468695576480361, 0.12952683165580633, 0.10652015861083072], [-0.5368806948843826, 0.1294248583098274, 0.10605973257188675], [-0.5268893684070473, 0.12932040086316746, 0.10565705125983689], [-0.5168955620956152, 0.12921418177254843, 0.10532221782070739], [-0.5068994942318236, 0.12910697159432283, 0.10506417031785481], [-0.4969016137591848, 0.12899956162787943, 0.10489035317520068], [-0.48690257258888225, 0.12889272650110328, 0.10480634284565549], [-0.4769031706448288, 0.128787175861087, 0.10481546573428656], [-0.46690427493649933, 0.1286834877090657, 0.1049184549618498], [-0.4569067201928776, 0.12858199757005223, 0.10511320238617838], [-0.4469112049177606, 0.12848266313177553, 0.10539467692000569], [-0.436918201187799, 0.1283849363100604, 0.10575504730666879], [-0.4269278954980598, 0.12828765662876424, 0.10618399956200579], [-0.41694017225447566, 0.12818900359858984, 0.10666922679263863], [-0.4069546427727683, 0.12808655424777182, 0.10719705009565081], [-0.39697070989422606, 0.12797738210598486, 0.1077530386854966], [-0.38698765308609706, 0.12785815442070214, 0.10832255276073295], [-0.37700471938051144, 0.1277252106109962, 0.10889117794400147], [-0.3670212050253394, 0.1275745253235502, 0.10944494904790739], [-0.35703652110733225, 0.12740148965943202, 0.10997029730249691], [-0.34705025229204156, 0.12720062376083005, 0.11045383807668994], [-0.33706221879817716, 0.12696523031118911, 0.11088200854640407], [-0.32707255723034623, 0.12668695612169795, 0.11124053226178685], [-0.31708184537323253, 0.12635542330085728, 0.11151392751292011], [-0.30709128699893845, 0.1259580258918433, 0.1116852334943076], [-0.29710297110267203, 0.12547958874865936, 0.11173567716255944], [-0.287120245543924, 0.12490178173990683, 0.1116442273273327], [-0.2771482670585387, 0.1242022558977914, 0.11138707777252649], [-0.26719481849352605, 0.12335351205312889, 0.1109369872760431], [-0.2572715145659456, 0.12232160639738338, 0.11026258598032289], [-0.24739545872833546, 0.12106501625280791, 0.10932843805435624], [-0.23759104614031848, 0.11953474763026323, 0.10809742654327412], [-0.2278907961342342, 0.11767738390587291, 0.10653732625412234], [-0.21833388674617943, 0.11544092748262358, 0.10463002455778479], [-0.20896068329182385, 0.11278387074223073, 0.10238171065981136], [-0.19980272271825214, 0.10968656313576894, 0.09982989802895949], [-0.1908694021633344, 0.10616314462214482, 0.0970441115514479], [-0.18213314484010823, 0.10227395291808451, 0.09412169101872876], [-0.1735227241765223, 0.09813203641312274, 0.09117180254363513], [-0.16494449090949523, 0.09389119641308394, 0.0882685520566758], [-0.15633597270714678, 0.08971064361303854, 0.08536782691579577], [-0.1477178727203883, 0.08572410458695638, 0.08223478087492386], [-0.1392216919119677, 0.08205643292021671, 0.07845602886630132], [-0.13113544693442988, 0.0788741908769488, 0.07353023177731739], [-0.12394624982969293, 0.07640612806385488, 0.06706304124996657], [-0.11819167265561785, 0.07485030893949512, 0.05906236639543714], [-0.1140950089027158, 0.07421880597009314, 0.04998036772479954], [-0.11148900035775526, 0.07435195093007838, 0.040337025447882494], [-0.1100628138862343, 0.07505597781029763, 0.03046982668841255], [-0.10953500719385266, 0.07617673291418646, 0.020549944419575743], [-0.10953344603219593, 0.07619004193749197, 0.02044776856467723]]"
23,back_frame/seat_left,42,0.7801030508281604,FALSE,0,,42,bus,done,"[[-0.7688535882710021, 0.13062470207735216, -0.009520373116822523], [-0.7683933711089534, 0.1308315275943666, -0.019507378418942484], [-0.7676597770684742, 0.13101060438454049, -0.02947843521029406], [-0.7665804081189475, 0.13115809306739848, -0.03941825722168223], [-0.7650432360735039, 0.13126992573043247, -0.0492975533620825], [-0.7628814599905859, 0.1313419156599634, -0.0590584366884425], [-0.7598604804189503, 0.13137024588161744, -0.06858634935682567], [-0.7556907489028126, 0.13135287059994755, -0.07766614014110385], [-0.7501157986913464, 0.13129240481404844, -0.08595158918907486], [-0.7430870976667281, 0.13119901055340707, -0.09304205877099606], [-0.7348553607523647, 0.1310885322631209, -0.09869559115169692], [-0.72581782692454, 0.13097554769984435, -0.10295444006941679], [-0.7163128310313422, 0.13086885037666945, -0.10604384635946872], [-0.7065563314439628, 0.13077190215983464, -0.10822248343753188], [-0.6966696333887518, 0.1306849327613665, -0.10971085315982719], [-0.6867177278246583, 0.1306065734943545, -0.11067849398926023], [-0.6767349371617274, 0.1305347535472329, -0.11125202425617242], [-0.6667391863478946, 0.1304672633351588, -0.11152532969882949], [-0.6567396602782489, 0.13040206520218253, -0.11156830715428707], [-0.6467408738488946, 0.13033739468168304, -0.11143384981503739], [-0.6367448224977748, 0.13027179248130114, -0.11116280031191039], [-0.6267521370950729, 0.1302041197428882, -0.1107873347382828], [-0.6167627077441905, 0.1301335219442725, -0.1103335249375376], [-0.6067760191677545, 0.13005936752409775, -0.10982326043382691], [-0.5967913406455957, 0.12998121117735187, -0.10927552352925965], [-0.5868078427573719, 0.1298987788432517, -0.108707228191581], [-0.5768246769090113, 0.1298119682189265, -0.10813376388898821], [-0.5668410345589803, 0.1297208528756649, -0.10756935208739073], [-0.5568561934051656, 0.12962567486688145, -0.1070273026046396], [-0.5468695576480361, 0.12952683165580633, -0.10652015861083072], [-0.5368806948843826, 0.1294248583098274, -0.10605973257188675], [-0.5268893684070473, 0.12932040086316746, -0.10565705125983689], [-0.5168955620956152, 0.12921418177254843, -0.10532221782070739], [-0.5068994942318236, 0.12910697159432283, -0.10506417031785481], [-0.4969016137591848, 0.12899956162787943, -0.10489035317520068], [-0.48690257258888225, 0.12889272650110328, -0.10480634284565549], [-0.4769031706448288, 0.128787175861087, -0.10481546573428656], [-0.46690427493649933, 0.1286834877090657, -0.1049184549618498], [-0.4569067201928776, 0.12858199757005223, -0.10511320238617838], [-0.4469112049177606, 0.12848266313177553, -0.10539467692000569], [-0.436918201187799, 0.1283849363100604, -0.10575504730666879], [-0.4269278954980598, 0.12828765662876424, -0.10618399956200579], [-0.41694017225447566, 0.12818900359858984, -0.10666922679263863], [-0.4069546427727683, 0.12808655424777182, -0.10719705009565081], [-0.39697070989422606, 0.12797738210598486, -0.1077530386854966], [-0.38698765308609706, 0.12785815442070214, -0.10832255276073295], [-0.37700471938051144, 0.1277252106109962, -0.10889117794400147], [-0.3670212050253394, 0.1275745253235502, -0.10944494904790739], [-0.35703652110733225, 0.12740148965943202, -0.10997029730249691], [-0.34705025229204156, 0.12720062376083005, -0.11045383807668994], [-0.33706221879817716, 0.12696523031118911, -0.11088200854640407], [-0.32707255723034623, 0.12668695612169795, -0.11124053226178685], [-0.31708184537323253, 0.12635542330085728, -0.11151392751292011], [-0.30709128699893845, 0.1259580258918433, -0.1116852334943076], [-0.29710297110267203, 0.12547958874865936, -0.11173567716255944], [-0.287120245543924, 0.12490178173990683, -0.1116442273273327], [-0.2771482670585387, 0.1242022558977914, -0.11138707777252649], [-0.26719481849352605, 0.12335351205312889, -0.1109369872760431], [-0.2572715145659456, 0.12232160639738338, -0.11026258598032289], [-0.24739545872833546, 0.12106501625280791, -0.10932843805435624], [-0.23759104614031848, 0.11953474763026323, -0.10809742654327412], [-0.2278907961342342, 0.11767738390587291, -0.10653732625412234], [-0.21833388674617943, 0.11544092748262358, -0.10463002455778479], [-0.20896068329182385, 0.11278387074223073, -0.10238171065981136], [-0.19980272271825214, 0.10968656313576894, -0.09982989802895949], [-0.1908694021633344, 0.10616314462214482, -0.0970441115514479], [-0.18213314484010823, 0.10227395291808451, -0.09412169101872876], [-0.1735227241765223, 0.09813203641312274, -0.09117180254363513], [-0.16494449090949523, 0.09389119641308394, -0.0882685520566758], [-0.15633597270714678, 0.08971064361303854, -0.08536782691579577], [-0.1477178727203883, 0.08572410458695638, -0.08223478087492386], [-0.1392216919119677, 0.08205643292021671, -0.07845602886630132], [-0.13113544693442988, 0.0788741908769488, -0.07353023177731739], [-0.12394624982969293, 0.07640612806385488, -0.06706304124996657], [-0.11819167265561785, 0.07485030893949512, -0.05906236639543714], [-0.1140950089027158, 0.07421880597009314, -0.04998036772479954], [-0.11148900035775526, 0.07435195093007838, -0.040337025447882494], [-0.1100628138862343, 0.07505597781029763, -0.03046982668841255], [-0.10953500719385266, 0.07617673291418646, -0.020549944419575743], [-0.10953344603219593, 0.07619004193749197, -0.02044776856467723]]"
24,front_frame/vertical_seat_left,18,0.35905462848674596,FALSE,0,,18,bus,done,"[[-0.12382325355510453, 0.059054568542734956, -0.023623067408044696], [-0.12072872135064816, 0.049546524709196495, -0.02376788762449801], [-0.1176341891461918, 0.04003848087565802, -0.023912707840951328], [-0.11453965694173544, 0.030530437042119555, -0.02405752805740464], [-0.11144512473727908, 0.02102239320858109, -0.024202348273857956], [-0.10835059253282271, 0.011514349375042619, -0.024347168490311277], [-0.10525606032836635, 0.0020063055415041565, -0.02449198870676459], [-0.10216152812390998, -0.007501738292034314, -0.024636808923217905], [-0.09906699591945362, -0.017009782125572775, -0.024781629139671222], [-0.09597246371499728, -0.02651782595911124, -0.024926449356124536], [-0.09287793151054088, -0.03602586979264972, -0.02507126957257785], [-0.08978339930608453, -0.04553391362618818, -0.025216089789031167], [-0.08668886710162818, -0.05504195745972664, -0.02536091000548448], [-0.0835943348971718, -0.06455000129326512, -0.025505730221937795], [-0.08049980269271544, -0.07405804512680358, -0.025650550438391116], [-0.07740527048825908, -0.08356608896034205, -0.02579537065484443], [-0.07431073828380272, -0.0930741327938805, -0.025940190871297744], [-0.07121620607934637, -0.10258217662741899, -0.02608501108775106], [-0.06812167387489, -0.11209022046095743, -0.026229831304204376], [-0.06502714167043364, -0.12159826429449595, -0.02637465152065769], [-0.06193260946597727, -0.1311063081280344, -0.02651947173711101], [-0.058838077261520905, -0.14061435196157288, -0.026664291953564324], [-0.05574354505706454, -0.15012239579511133, -0.02680911217001764], [-0.05264901285260819, -0.15963043962864978, -0.026953932386470952], [-0.04955448064815182, -0.16913848346218824, -0.02709875260292427], [-0.046459948443695456, -0.17864652729572672, -0.027243572819377584], [-0.043365416239239084, -0.1881545711292652, -0.0273883930358309], [-0.04027088403478272, -0.19766261496280368, -0.027533213252284215], [-0.03717635183032636, -0.2071706587963421, -0.02767803346873753], [-0.03408181962587001, -0.2166787026298806, -0.027822853685190843], [-0.030987287421413646, -0.22618674646341905, -0.027967673901644164], [-0.027892755216957284, -0.23569479029695753, -0.028112494118097478], [-0.024798223012500918, -0.24520283413049598, -0.028257314334550792], [-0.021703690808044556, -0.25471087796403447, -0.02840213455100411], [-0.01860915860358819, -0.26421892179757295, -0.028546954767457423], [-0.015514626399131828, -0.27372696563111143, -0.028691774983910737], [-0.012712642453969494, -0.28233614608595003, -0.028822904309646232]]"
25,front_frame/horizontal_1_left,13,0.2835696296916928,FALSE,0,,13,bus,done,"[[-0.029718169600099317, -0.1999742178395868, -0.027736607909284384], [-0.01972046580888327, -0.20010094929609515, -0.027909402703869147], [-0.009722762017667226, -0.20022768075260353, -0.028082197498453906], [0.00027494177354882245, -0.20035441220911188, -0.02825499229303867], [0.010272645564764864, -0.20048114366562025, -0.028427787087623432], [0.02027034935598092, -0.20060787512212863, -0.028600581882208195], [0.03026805314719696, -0.200734606578637, -0.02877337667679295], [0.040265756938413, -0.2008613380351454, -0.028946171471377714], [0.05026346072962904, -0.20098806949165376, -0.029118966265962477], [0.0602611645208451, -0.20111480094816211, -0.02929176106054724], [0.07025886831206116, -0.2012415324046705, -0.029464555855132], [0.08025657210327719, -0.20136826386117884, -0.029637350649716763], [0.09025427589449324, -0.20149499531768722, -0.029810145444301526], [0.10025197968570927, -0.2016217267741956, -0.02998294023888629], [0.11024968347692532, -0.20174845823070395, -0.03015573503347105], [0.12024738726814135, -0.20187518968721233, -0.03032852982805581], [0.13024509105935742, -0.20200192114372068, -0.030501324622640574], [0.14024279485057345, -0.20212865260022908, -0.030674119417225337], [0.1502404986417895, -0.20225538405673746, -0.030846914211810093], [0.16023820243300554, -0.2023821155132458, -0.031019709006394856], [0.17023590622422163, -0.20250884696975419, -0.03119250380097962], [0.1802336100154376, -0.20263557842626256, -0.03136529859556438], [0.1902313138066537, -0.2027623098827709, -0.031538093390149145], [0.2002290175978697, -0.2028890413392793, -0.03171088818473391], [0.2102267213890858, -0.20301577279578764, -0.03188368297931867], [0.22022442518030183, -0.20314250425229602, -0.032056477773903434], [0.23022212897151786, -0.2032692357088044, -0.03222927256848819], [0.24021983276273393, -0.20339596716531275, -0.03240206736307295], [0.25021753655394996, -0.20352269862182112, -0.032574862157657716], [0.2537863465841374, -0.20356793705882353, -0.032636543500589685]]"